store,sales,predictions,dif,dif_%,worst_scenario,best_scenario,MAE,MAPE
1,162320.0,169443.64,7123.6406,0.0438864,169126.31,169760.97,317.3244,0.07380747
2,182936.0,179460.02,-3475.9844,-0.019001095,179017.02,179903.02,443.00095,0.08851499
3,254190.0,270797.22,16607.219,0.06533388,270078.38,271516.06,718.8298,0.09891022
4,369378.0,353223.06,-16154.9375,-0.043735515,352472.38,353973.75,750.6966,0.072530515
5,166905.0,167037.98,132.98438,0.0007967669,166713.66,167362.31,324.3333,0.07209407
6,165910.0,185833.86,19923.86,0.120088354,185290.77,186376.95,543.0981,0.12338998
7,365172.0,337357.25,-27814.75,-0.0761689,336409.25,338305.25,948.0103,0.09342429
8,235560.0,209055.62,-26504.375,-0.11251645,208264.17,209847.08,791.4471,0.11306967
9,271522.0,268202.72,-3319.2812,-0.012224723,267587.75,268817.7,614.96594,0.08235064
10,219050.0,207772.27,-11277.734,-0.05148475,207120.12,208424.4,652.1418,0.11178539
11,272737.0,285254.7,12517.6875,0.04589655,284627.06,285882.3,627.615,0.08766616
12,281538.0,282444.2,906.1875,0.0032187041,281686.0,283202.38,758.19293,0.09628038
13,194351.0,189578.4,-4772.5938,-0.02455657,188803.16,190353.66,775.2449,0.1452784
14,198522.0,200330.1,1808.0938,0.009107775,199769.73,200890.45,560.36316,0.10285315
15,253491.0,257193.98,3702.9844,0.014607952,256619.06,257768.9,574.9283,0.08203035
16,301430.0,282781.16,-18648.844,-0.061867908,282083.25,283479.06,697.9216,0.085409775
17,222017.0,232479.97,10462.969,0.04712688,231886.39,233073.55,593.58563,0.113317706
18,258062.0,257769.05,-292.95312,-0.0011352045,257158.75,258379.34,610.2954,0.09277701
19,245731.0,241523.89,-4207.1094,-0.017120792,241040.58,242007.2,483.3111,0.076262325
20,315675.0,303680.97,-11994.031,-0.037994873,302514.6,304847.34,1166.3848,0.14639786
21,216757.0,203549.67,-13207.328,-0.060931496,202912.6,204186.75,637.0722,0.09748132
22,180439.0,177748.64,-2690.3594,-0.014910077,177286.17,178211.11,462.46878,0.09430962
23,202872.0,215339.33,12467.328,0.06145416,214794.36,215884.3,544.9647,0.10515716
24,361911.0,357182.4,-4728.5938,-0.013065626,356266.9,358097.9,915.50507,0.09275193
25,384672.0,388669.12,3997.125,0.010390995,387557.53,389780.72,1111.5892,0.10661464
26,253698.0,252868.95,-829.0469,-0.0032678496,252280.97,253456.94,587.98596,0.086113244
27,350190.0,353661.62,3471.625,0.009913547,352636.3,354686.94,1025.3274,0.104925565
28,170947.0,167353.38,-3593.625,-0.021021867,166776.06,167930.69,577.3105,0.15827285
29,290551.0,275156.88,-15394.125,-0.052982524,274323.28,275990.47,833.5982,0.102396935
30,147477.0,178013.03,30536.031,0.20705622,177168.17,178857.89,844.86304,0.21497145
31,212911.0,221842.23,8931.234,0.041948207,221433.81,222250.66,408.42383,0.071100794
32,159393.0,155242.81,-4150.1875,-0.02603745,154856.97,155628.66,385.84064,0.09321463
33,298189.0,306059.9,7870.9062,0.026395695,305245.9,306873.9,814.0119,0.10199903
34,309543.0,297744.4,-11798.594,-0.038116172,297184.56,298304.25,559.85046,0.065918125
35,405252.0,401873.12,-3378.875,-0.008337714,400489.12,403257.12,1384.0077,0.12056176
36,374018.0,343410.4,-30607.594,-0.08183455,342352.25,344468.56,1058.1628,0.10279545
37,247793.0,240632.84,-7160.1562,-0.028895717,240110.05,241155.64,522.7962,0.08093144
38,225607.0,217704.77,-7902.2344,-0.035026547,217076.03,218333.5,628.73535,0.09617627
39,174702.0,187013.22,12311.219,0.07046982,186494.47,187531.97,518.7441,0.12745477
40,161973.0,174217.88,12244.875,0.07559825,173563.48,174872.27,654.39294,0.14647877
41,210698.0,225892.69,15194.6875,0.07211596,225213.48,226571.89,679.1999,0.12255884
42,371938.0,370317.75,-1620.25,-0.0043562367,369294.25,371341.25,1023.5078,0.09719198
43,234331.0,241884.33,7553.328,0.032233585,241161.38,242607.28,722.959,0.120170034
44,189905.0,203791.19,13886.1875,0.07312176,203316.11,204266.27,475.0826,0.10975922
45,198230.0,195842.34,-2387.6562,-0.012044879,195302.9,196381.78,539.4427,0.097244516
46,194291.0,197482.2,3191.2031,0.016424863,196804.02,198160.39,678.1935,0.12941231
47,268230.0,275874.03,7644.0312,0.028498048,275216.97,276531.1,657.0577,0.0890209
48,125415.0,145726.66,20311.656,0.16195555,145167.48,146285.83,559.1727,0.16713245
49,288384.0,269923.62,-18460.375,-0.064013176,269316.84,270530.4,606.7875,0.076810114
50,166686.0,160479.98,-6206.0156,-0.037231773,160089.23,160870.73,390.75546,0.08455612
51,265912.0,259229.72,-6682.2812,-0.025129672,258409.05,260050.39,820.6784,0.114791594
52,245018.0,248647.64,3629.6406,0.0148137715,248119.47,249175.81,528.17145,0.080233544
53,200094.0,201955.02,1861.0156,0.009300707,201583.72,202326.31,371.2965,0.08455591
54,288662.0,286702.16,-1959.8438,-0.0067894068,286119.72,287284.6,582.43,0.07703429
55,183628.0,182716.5,-911.5,-0.00496384,182243.48,183189.52,473.01147,0.102405556
56,309066.0,280905.6,-28160.406,-0.091114536,280047.84,281763.34,857.7353,0.10140655
57,322470.0,325567.66,3097.6562,0.009606029,324710.8,326424.5,856.8364,0.109598346
58,265027.0,250069.56,-14957.4375,-0.05643741,249090.11,251049.02,979.4459,0.12994044
59,196855.0,204091.03,7236.0312,0.036758177,203423.0,204759.06,668.03485,0.15946393
60,324521.0,289119.5,-35401.5,-0.10908847,287526.5,290712.5,1592.996,0.18356454
61,200383.0,187693.44,-12689.5625,-0.063326545,187024.64,188362.23,668.7971,0.11578116
62,238998.0,241782.45,2784.4531,0.011650529,241169.98,242394.92,612.47437,0.10497939
63,277709.0,250630.11,-27078.89,-0.09750815,249745.42,251514.8,884.68146,0.11257891
64,416815.0,428249.7,11434.6875,0.027433483,427351.16,429148.22,898.5171,0.08265443
65,189604.0,195600.39,5996.3906,0.031625867,195167.22,196033.56,433.16797,0.10071887
66,235783.0,230136.8,-5646.203,-0.023946607,229554.38,230719.22,582.4172,0.09295759
67,303917.0,286939.47,-16977.531,-0.055862393,286137.88,287741.06,801.57874,0.095585644
68,303842.0,278549.0,-25293.0,-0.08324392,277479.4,279618.6,1069.5994,0.12840426
69,341271.0,343731.72,2460.7188,0.0072104535,342913.7,344549.75,818.04114,0.093020536
70,248807.0,255446.08,6639.078,0.026683647,254937.22,255954.94,508.86475,0.08313248
71,324617.0,349171.06,24554.062,0.0756401,348174.3,350167.8,996.7435,0.11227225
72,164645.0,158185.17,-6459.828,-0.039234888,157650.25,158720.1,534.92645,0.10799834
73,170153.0,176557.03,6404.0312,0.0376369,176162.83,176951.23,394.1959,0.09881851
74,215542.0,241738.02,26196.016,0.12153555,240896.55,242579.48,841.467,0.14945598
75,237823.0,230556.11,-7266.8906,-0.030555878,230026.0,231086.22,530.11523,0.08051496
76,340226.0,352598.2,12372.1875,0.036364615,351788.16,353408.22,810.03894,0.09493088
77,292427.0,288038.6,-4388.4062,-0.015006844,287343.9,288733.28,694.6721,0.085852385
78,137544.0,142205.28,4661.2812,0.033889383,141908.92,142501.64,296.35565,0.08423991
79,213995.0,205503.14,-8491.859,-0.03968251,205031.88,205974.4,471.26035,0.08116001
80,296194.0,287320.7,-8873.3125,-0.029957773,286673.97,287967.4,646.7234,0.082670175
81,281288.0,267423.2,-13864.8125,-0.049290452,266616.97,268229.4,806.22974,0.10387645
82,333425.0,351679.75,18254.75,0.054749195,350826.9,352532.6,852.84393,0.09119946
83,135998.0,159516.2,23518.203,0.17293051,158810.78,160221.62,705.42596,0.20093411
84,482730.0,435257.3,-47472.688,-0.09834211,433829.47,436685.16,1427.84,0.111259624
85,317396.0,315620.4,-1775.5938,-0.0055942535,315022.34,316218.47,598.0756,0.082714625
86,162857.0,181569.73,18712.734,0.114902854,180875.34,182264.12,694.39136,0.15960592
87,215604.0,226681.66,11077.656,0.051379643,226156.6,227206.72,525.0577,0.0885591
88,225216.0,214649.73,-10566.266,-0.046916142,213873.33,215426.14,776.40717,0.16873813
89,229290.0,239352.92,10062.922,0.043887313,238743.97,239961.88,608.95624,0.10297829
90,307464.0,296102.75,-11361.25,-0.036951482,295328.2,296877.3,774.55615,0.09589073
91,172758.0,192949.6,20191.594,0.116877906,192310.55,193588.64,639.0475,0.15353322
92,233324.0,221686.23,-11637.766,-0.049878135,221161.84,222210.62,524.39404,0.08241855
93,213677.0,235007.0,21330.0,0.099823564,234279.03,235734.97,727.97626,0.1380435
94,271804.0,268179.03,-3624.9688,-0.013336701,267672.72,268685.34,506.30774,0.066067025
95,254714.0,256457.78,1743.7812,0.0068460363,255976.25,256939.31,481.52426,0.07599013
96,192670.0,186893.23,-5776.7656,-0.029982693,186291.55,187494.92,601.69336,0.12648414
97,254732.0,263755.3,9023.3125,0.03542277,263044.78,264465.84,710.5256,0.11278478
98,208326.0,202451.12,-5874.875,-0.028200394,201990.33,202911.92,460.8041,0.0755779
99,208589.0,209677.64,1088.6406,0.0052190702,209144.05,210211.23,533.58594,0.09758171
100,303840.0,303317.12,-522.875,-0.0017208892,302610.75,304023.5,706.3666,0.08852166
101,288350.0,280597.4,-7752.5938,-0.026886053,279908.88,281285.94,688.5459,0.08978792
102,255247.0,269923.44,14676.4375,0.05749896,268985.38,270861.5,938.0736,0.14303622
103,173869.0,214735.1,40866.094,0.23503956,213624.78,215845.4,1110.315,0.23698483
104,388202.0,370970.25,-17231.75,-0.04438862,369846.88,372093.62,1123.382,0.10358413
105,191009.0,184987.45,-6021.547,-0.031524938,184508.48,185466.42,478.976,0.09495341
106,332521.0,301233.9,-31287.094,-0.09409058,300227.78,302240.03,1006.1348,0.108050995
107,284420.0,279498.0,-4922.0,-0.017305393,278810.3,280185.7,687.68567,0.08993724
108,457514.0,416154.4,-41359.594,-0.09040072,414917.06,417391.75,1237.3469,0.097561486
109,243103.0,243508.78,405.78125,0.0016691742,243036.88,243980.69,471.90796,0.07061789
110,176454.0,182342.81,5888.8125,0.033373073,181915.72,182769.9,427.0985,0.09907078
111,254309.0,250834.08,-3474.9219,-0.013664172,250363.53,251304.62,470.54352,0.06868418
112,237770.0,230889.84,-6880.1562,-0.028936183,230144.45,231635.23,745.3959,0.115902446
113,215031.0,242983.12,27952.125,0.12999114,242128.58,243837.67,854.55316,0.15518768
114,192545.0,207891.94,15346.9375,0.079705715,207350.0,208433.88,541.93115,0.111689046
115,302532.0,286693.88,-15838.125,-0.0523519,285907.3,287480.44,786.5721,0.092681386
116,261317.0,260641.22,-675.78125,-0.0025860593,260016.52,261265.92,624.7065,0.090473
117,134367.0,151607.36,17240.36,0.12830798,151069.73,152144.98,537.6319,0.1643568
118,311732.0,271881.66,-39850.344,-0.12783527,270744.47,273018.84,1137.1932,0.11947898
119,219135.0,230297.89,11162.891,0.0509407,229852.78,230743.0,445.10196,0.07677982
120,266734.0,251635.62,-15098.375,-0.056604613,250804.0,252467.25,831.618,0.11402386
121,152831.0,170910.0,18079.0,0.11829406,170340.67,171479.33,569.328,0.16802011
122,348128.0,303708.75,-44419.25,-0.12759459,302529.78,304887.72,1178.9675,0.13670284
123,299988.0,291476.84,-8511.156,-0.028371656,290737.88,292215.8,738.9772,0.11203111
124,164294.0,176928.25,12634.25,0.07690025,176298.4,177558.1,629.8497,0.14943253
125,445792.0,404076.56,-41715.438,-0.093576014,402805.7,405347.44,1270.8889,0.100054294
126,196728.0,209811.88,13083.875,0.06650744,209251.28,210372.47,560.59204,0.119082004
127,200521.0,201859.5,1338.5,0.006675111,201152.38,202566.62,707.1289,0.13157697
128,314432.0,294799.44,-19632.562,-0.062438183,293974.38,295624.5,825.0547,0.09124057
129,308113.0,313528.88,5415.875,0.01757756,312684.1,314373.66,844.76794,0.10030291
130,194908.0,189690.45,-5217.547,-0.02676928,189076.98,190303.92,613.469,0.11691558
131,185310.0,193841.36,8531.359,0.04603831,193224.72,194458.0,616.64825,0.12900771
132,279449.0,245268.95,-34180.047,-0.12231229,244240.08,246297.83,1028.8729,0.13424264
133,214263.0,237744.86,23481.86,0.10959363,237066.14,238423.58,678.71515,0.15885921
134,167670.0,185157.12,17487.125,0.104294896,184560.7,185753.55,596.4234,0.12649094
135,230859.0,240979.73,10120.734,0.043839462,240328.52,241630.95,651.211,0.10377663
136,208200.0,218490.6,10290.594,0.04942648,217800.06,219181.12,690.52765,0.13066691
137,290994.0,302829.0,11835.0,0.040670943,302068.4,303589.6,760.59875,0.10722376
138,284601.0,277320.38,-7280.625,-0.025581867,276747.0,277893.75,573.3754,0.094999395
139,240147.0,246587.53,6440.5312,0.026819121,245758.39,247416.67,829.1406,0.14391133
140,278374.0,271534.44,-6839.5625,-0.024569688,270970.47,272098.4,563.96313,0.073830575
141,205495.0,215183.72,9688.719,0.047148198,214628.16,215739.28,555.55896,0.10472353
142,160966.0,180488.88,19522.875,0.12128571,179858.78,181118.97,630.0888,0.13859159
143,234602.0,228843.86,-5758.1406,-0.024544295,228268.03,229419.69,575.82446,0.08885039
144,278254.0,303414.94,25160.938,0.09042435,302512.88,304317.0,902.0734,0.116495416
145,292953.0,291103.0,-1850.0,-0.006315006,290555.03,291650.97,547.9698,0.06933838
146,299955.0,310500.1,10545.094,0.035155587,309805.22,311194.97,694.8865,0.08622403
147,299000.0,313380.7,14380.6875,0.048095945,312714.56,314046.8,666.1123,0.087141976
148,325364.0,308141.7,-17222.312,-0.052932445,307387.25,308896.12,754.4328,0.087730326
149,206415.0,204440.25,-1974.75,-0.009566892,203645.75,205234.75,794.5064,0.14591704
150,327967.0,314019.03,-13947.969,-0.042528573,313351.0,314687.06,668.01843,0.07278375
151,264018.0,259801.17,-4216.828,-0.015971744,259258.7,260343.64,542.4712,0.076702036
152,200649.0,223673.45,23024.453,0.1147499,222988.47,224358.44,684.9892,0.14401953
153,221662.0,259771.75,38109.75,0.1719273,258738.39,260805.11,1033.359,0.18007426
154,332271.0,324466.62,-7804.375,-0.023487981,323740.3,325192.94,726.32544,0.07958022
155,246317.0,256221.14,9904.141,0.04020892,255277.1,257165.19,944.04987,0.14412849
156,242995.0,240707.31,-2287.6875,-0.009414545,239944.11,241470.52,763.1955,0.15593481
157,362338.0,346398.94,-15939.0625,-0.043989487,345606.66,347191.22,792.27985,0.077962786
158,309278.0,314600.34,5322.3438,0.01720893,313781.8,315418.88,818.5409,0.098713584
159,284937.0,293653.6,8716.594,0.030591302,293069.16,294238.03,584.4458,0.07535269
160,208278.0,222983.23,14705.234,0.07060388,222476.72,223489.75,506.5175,0.09282003
161,267595.0,275768.97,8173.9688,0.030546045,275034.5,276503.44,734.4718,0.10237142
162,292349.0,281442.03,-10906.969,-0.03730804,280657.16,282226.9,784.8828,0.08868646
163,242972.0,265466.78,22494.781,0.092581786,264538.66,266394.9,928.12195,0.13806432
164,244277.0,228120.31,-16156.6875,-0.066140845,227381.44,228859.19,738.87024,0.105403185
165,145321.0,161761.88,16440.875,0.11313489,161170.98,162352.77,590.89764,0.1448849
166,204164.0,219951.52,15787.516,0.07732762,219264.25,220638.78,687.26404,0.122844964
167,344800.0,312829.88,-31970.125,-0.09272078,311594.75,314065.0,1235.1184,0.13747439
168,286121.0,281989.03,-4131.9688,-0.014441334,281440.44,282537.62,548.59753,0.07075778
169,216002.0,237745.72,21743.719,0.10066443,237074.58,238416.86,671.13965,0.12531918
170,151952.0,192580.84,40628.844,0.26737946,191465.48,193696.2,1115.3655,0.27758193
171,294586.0,297429.25,2843.25,0.0096516805,296802.03,298056.47,627.21313,0.07983965
172,259154.0,261712.84,2558.8438,0.009873834,260976.88,262448.8,735.97327,0.10343933
173,298337.0,298461.6,124.59375,0.00041762754,297835.03,299088.16,626.5567,0.08002347
174,228659.0,235087.19,6428.1875,0.02811255,233985.75,236188.62,1101.44,0.17704213
175,228033.0,234742.73,6709.7344,0.029424401,234210.67,235274.8,532.0687,0.08985302
176,183161.0,205497.38,22336.375,0.121949404,204802.66,206192.1,694.71704,0.16337246
177,136895.0,148824.02,11929.016,0.08713989,148348.22,149299.81,475.7992,0.16364852
178,370073.0,335826.22,-34246.78,-0.09254061,334681.0,336971.44,1145.2263,0.11181502
179,265979.0,276253.97,10274.969,0.03863075,275456.22,277051.72,797.73694,0.11506593
180,268786.0,264514.7,-4271.3125,-0.015891127,263988.06,265041.3,526.62775,0.07141359
181,227986.0,242608.23,14622.234,0.06413654,241942.03,243274.44,666.1965,0.11923588
182,205554.0,208021.17,2467.1719,0.012002548,207536.47,208505.88,484.7,0.0853222
183,188887.0,182912.33,-5974.672,-0.031630933,181553.86,184270.8,1358.4657,0.19483367
184,236356.0,259271.1,22915.094,0.096951604,258575.12,259967.06,695.9645,0.11787778
185,241873.0,243389.16,1516.1562,0.006268398,242757.3,244021.02,631.86475,0.09447203
186,148371.0,150486.7,2115.7031,0.014259546,150122.58,150850.83,364.12354,0.092945464
187,232059.0,230656.92,-1402.0781,-0.0060419035,230202.92,231110.92,454.0048,0.073571056
188,205560.0,182121.66,-23438.344,-0.11402191,181377.4,182865.9,744.2558,0.117236696
189,310464.0,292284.72,-18179.281,-0.058555197,291615.56,292953.88,669.1572,0.080884516
190,291694.0,268473.94,-23220.062,-0.079604186,267736.03,269211.84,737.89233,0.09011015
191,255774.0,248302.64,-7471.3594,-0.029210785,247712.58,248892.7,590.0628,0.082721405
192,487998.0,389321.78,-98676.22,-0.2022062,386615.03,392028.53,2706.7378,0.1942022
193,196841.0,216061.81,19220.812,0.097646385,215305.12,216818.5,756.6915,0.16125274
194,188015.0,197646.2,9631.203,0.051225718,197189.64,198102.77,456.55487,0.09265068
195,390070.0,399224.97,9154.969,0.023470066,398247.53,400202.4,977.42676,0.09292521
196,193357.0,184207.03,-9149.969,-0.047321633,183600.19,184813.88,606.84375,0.1168684
197,250180.0,234115.9,-16064.094,-0.06421015,233540.5,234691.31,575.4061,0.079496436
198,102939.0,98596.45,-4342.547,-0.042185634,98131.72,99061.19,464.73712,0.22802374
199,308371.0,290575.38,-17795.625,-0.05770849,289923.62,291227.12,651.73663,0.074807584
200,279705.0,296897.47,17192.469,0.061466433,295949.53,297845.4,947.9237,0.12766874
201,202793.0,204223.75,1430.75,0.007055224,203728.11,204719.39,495.64157,0.09002366
202,242472.0,237225.16,-5246.8438,-0.021638967,236777.62,237672.69,447.52432,0.06820389
203,256260.0,250645.53,-5614.4688,-0.021909267,250020.61,251270.45,624.91895,0.088724665
204,214345.0,215642.84,1297.8438,0.006054929,215193.2,216092.48,449.6437,0.078300506
205,239144.0,237301.1,-1842.9062,-0.0077062617,236829.55,237772.64,471.55457,0.07549749
206,280294.0,272356.44,-7937.5625,-0.028318703,271401.94,273310.94,954.501,0.12688391
207,416348.0,398535.9,-17812.094,-0.042781744,397783.88,399287.94,752.0264,0.06387901
208,115934.0,109887.75,-6046.25,-0.05215252,109620.43,110155.07,267.32343,0.08367773
209,267632.0,238902.1,-28729.906,-0.10734855,238111.39,239692.8,790.7075,0.12260963
210,112173.0,124607.9,12434.898,0.11085465,124195.11,125020.69,412.79254,0.13379383
211,516896.0,479227.16,-37668.844,-0.07287509,477783.47,480670.84,1443.6825,0.09702013
212,169968.0,184730.23,14762.234,0.08685302,184135.17,185325.3,595.069,0.12986007
213,313624.0,306663.78,-6960.2188,-0.022192877,305870.7,307456.88,793.1038,0.091399245
214,342899.0,330055.9,-12843.094,-0.037454452,329179.75,330932.06,876.14685,0.09260784
215,235331.0,237611.39,2280.3906,0.009690141,236942.73,238280.05,668.653,0.10981607
216,247874.0,276591.9,28717.906,0.11585687,275707.38,277476.44,884.53845,0.13060142
217,184376.0,190298.78,5922.7812,0.032123387,189874.45,190723.11,424.3211,0.08804332
218,176891.0,185099.5,8208.5,0.046404283,184607.86,185591.14,491.64526,0.1373868
219,113784.0,118420.39,4636.3906,0.0407473,118103.375,118737.41,317.01797,0.10820245
220,174205.0,182627.0,8422.0,0.04834534,182029.75,183224.25,597.2517,0.12429964
221,232648.0,219130.28,-13517.719,-0.05810374,218627.98,219632.58,502.2978,0.07986524
222,182176.0,186644.6,4468.5938,0.024528993,186261.97,187027.22,382.61765,0.08154545
223,263761.0,271090.06,7329.0625,0.027786756,270309.0,271871.12,781.0498,0.10900947
224,283164.0,269393.7,-13770.3125,-0.048630167,268778.3,270009.06,615.36316,0.07320988
225,202801.0,225918.73,23117.734,0.113992214,225199.06,226638.4,719.67487,0.15724513
226,247036.0,262409.03,15373.031,0.062229924,261777.86,263040.22,631.1774,0.096083224
227,226656.0,242300.39,15644.391,0.06902262,241708.6,242892.19,591.79755,0.09891953
228,304554.0,311765.34,7211.3438,0.023678375,311185.03,312345.66,580.3125,0.07320093
229,333633.0,329036.53,-4596.4688,-0.01377702,328466.66,329606.4,569.8599,0.06383566
230,289718.0,280380.1,-9337.906,-0.032231018,279642.4,281117.78,737.6904,0.09134679
231,186747.0,186633.92,-113.078125,-0.0006055151,186109.23,187158.61,524.69336,0.108945794
232,141485.0,143356.52,1871.5156,0.013227661,143027.42,143685.61,329.09726,0.09595561
233,364691.0,363879.84,-811.15625,-0.0022242288,363102.22,364657.47,777.62244,0.081018895
234,383524.0,401150.03,17626.031,0.04595809,399921.34,402378.72,1228.693,0.124163784
235,200051.0,215887.17,15836.172,0.079160675,215195.34,216579.0,691.8321,0.13062611
236,273207.0,246858.28,-26348.719,-0.09644233,246032.67,247683.89,825.60986,0.109311305
237,171833.0,179497.81,7664.8125,0.04460617,178837.16,180158.47,660.6524,0.13860303
238,265143.0,289376.3,24233.312,0.091397144,288506.84,290245.78,869.46356,0.12504876
239,193801.0,199085.36,5284.3594,0.027266936,198661.23,199509.48,424.13156,0.08530825
240,177215.0,192175.5,14960.5,0.084420055,191634.86,192716.14,540.6353,0.11752535
241,240097.0,254922.77,14825.766,0.061749067,254338.06,255507.47,584.70013,0.09063054
242,150949.0,150089.61,-859.3906,-0.0056932517,149641.77,150537.45,447.83936,0.10627015
243,252350.0,255234.78,2884.7812,0.011431667,254613.28,255856.28,621.49884,0.092403
244,193563.0,196653.03,3090.0312,0.015963957,195814.67,197491.39,838.36017,0.15106893
245,356914.0,328018.4,-28895.594,-0.08095954,327067.66,328969.16,950.7459,0.10026499
246,266725.0,262252.8,-4472.1875,-0.016767036,261700.95,262804.7,551.8619,0.07569671
247,300635.0,322439.84,21804.844,0.07252929,321682.5,323197.2,757.3305,0.10259251
248,295163.0,333193.72,38030.72,0.1288465,332088.97,334298.47,1104.7429,0.1450607
249,200570.0,220529.81,19959.812,0.099515446,219907.6,221152.03,622.2186,0.122870155
250,328925.0,320069.47,-8855.531,-0.026922645,319376.6,320762.34,692.8843,0.07369453
251,690220.0,671710.1,-18509.875,-0.026817355,670185.1,673235.1,1525.0195,0.08023129
252,383912.0,384078.06,166.0625,0.00043255356,383262.8,384893.3,815.2553,0.080911
253,204999.0,214758.17,9759.172,0.04760595,214108.31,215408.03,649.8526,0.13022749
254,114282.0,125717.58,11435.578,0.10006456,125309.08,126126.08,408.4962,0.13688254
255,235494.0,233849.6,-1644.4062,-0.0069827945,233435.78,234263.4,413.81412,0.06505208
256,300127.0,342627.72,42500.72,0.14160912,341315.0,343940.44,1312.7102,0.17721693
257,184238.0,203042.06,18804.062,0.102063976,202353.31,203730.81,688.74414,0.16639206
258,216394.0,221534.42,5140.422,0.023754919,220849.97,222218.88,684.4538,0.12134071
259,545399.0,547148.25,1749.25,0.003207285,546335.56,547960.94,812.70337,0.06670107
260,232558.0,234825.38,2267.375,0.009749718,234034.47,235616.28,790.90234,0.12393611
261,437065.0,400524.1,-36540.906,-0.0836052,398816.47,402231.72,1707.6372,0.13670665
262,911236.0,841452.9,-69783.125,-0.07658074,839552.3,843353.44,1900.5723,0.08806388
263,162835.0,170043.12,7208.125,0.044266436,169599.98,170486.27,443.13358,0.09894146
264,245375.0,241679.84,-3695.1562,-0.015059221,241162.34,242197.34,517.5075,0.08079067
265,199225.0,215142.98,15917.984,0.079899535,214406.88,215879.1,736.1145,0.1744168
266,151165.0,159534.81,8369.8125,0.055368718,158919.12,160150.5,615.6871,0.15899903
267,347639.0,311986.25,-35652.75,-0.10255682,310595.72,313376.78,1390.5447,0.13858294
268,174573.0,191270.97,16697.969,0.09565035,190647.45,191894.48,623.5207,0.14112152
269,286847.0,314837.66,27990.656,0.09758044,313745.47,315929.84,1092.1794,0.1677693
270,369950.0,318383.53,-51566.47,-0.13938767,316938.0,319829.06,1445.5404,0.1468337
271,283639.0,270025.12,-13613.875,-0.04799719,268626.38,271423.88,1398.7395,0.26056805
272,229353.0,236143.34,6790.3438,0.029606517,235701.22,236585.47,442.11975,0.070084244
273,281494.0,275825.84,-5668.1562,-0.020135975,275282.34,276369.34,543.5051,0.06965805
274,253372.0,192733.78,-60638.22,-0.23932487,191323.6,194143.97,1410.1909,0.2419338
275,251345.0,235921.36,-15423.641,-0.061364423,235270.55,236572.17,650.81335,0.08615931
276,134504.0,164725.0,30221.0,0.22468477,163908.22,165541.78,816.7838,0.25694683
277,229153.0,241905.97,12752.969,0.055652637,241358.75,242453.19,547.2204,0.09476623
278,266772.0,263835.94,-2936.0625,-0.011005887,263201.97,264469.9,633.97296,0.090146765
279,364445.0,342459.1,-21985.906,-0.06032709,340761.72,344156.47,1697.3882,0.166746
280,236593.0,233200.42,-3392.5781,-0.014339301,232789.33,233611.52,411.0966,0.06485214
281,226956.0,232338.1,5382.0938,0.023714261,231901.94,232774.25,436.15186,0.07375022
282,164319.0,170501.16,6182.1562,0.037622895,170110.97,170891.34,390.18143,0.08912293
283,289402.0,281237.56,-8164.4375,-0.028211407,280381.12,282094.0,856.4468,0.107382394
284,204107.0,210838.02,6731.0156,0.03297788,210248.83,211427.2,589.1926,0.10953417
285,204806.0,209978.64,5172.6406,0.025256295,209079.4,210877.88,899.23193,0.15844356
286,136447.0,164656.53,28209.531,0.20674351,163870.34,165442.72,786.1952,0.2921177
287,310172.0,313005.0,2833.0,0.009133642,312454.66,313555.34,550.33356,0.06538318
288,202132.0,210526.9,8394.906,0.0415318,209910.81,211143.0,616.088,0.11529078
289,218132.0,230695.39,12563.391,0.057595357,230069.31,231321.47,626.079,0.10778957
290,256620.0,254010.67,-2609.3281,-0.0101680625,253412.5,254608.84,598.1668,0.08713417
291,287320.0,306926.56,19606.562,0.068239465,306228.34,307624.78,698.23145,0.09992229
292,137966.0,109354.0,-28612.0,-0.20738442,105983.44,112724.56,3370.5613,0.6079906
293,223119.0,232089.92,8970.922,0.040206894,231582.42,232597.42,507.5011,0.096004695
294,231313.0,207203.19,-24109.812,-0.104230255,206387.88,208018.5,815.3057,0.1286787
295,226950.0,210574.66,-16375.344,-0.07215397,209873.45,211275.86,701.2005,0.11514062
296,257050.0,262685.06,5635.0625,0.021922048,262141.1,263229.03,543.9686,0.087082885
297,265990.0,256109.64,-9880.359,-0.037145603,255582.0,256637.28,527.6458,0.067833245
298,316349.0,315168.28,-1180.7188,-0.0037323297,314458.16,315878.4,710.11316,0.085010044
299,358278.0,286803.9,-71474.09,-0.1994934,285067.47,288540.34,1736.4459,0.19661741
300,282626.0,267587.25,-15038.75,-0.05321078,266766.62,268407.88,820.6271,0.10694401
301,201192.0,215759.94,14567.9375,0.07240813,215222.19,216297.69,537.75604,0.09648177
302,140895.0,144098.89,3203.8906,0.022739563,143688.64,144509.14,410.25308,0.11311829
303,227026.0,242267.27,15241.266,0.06713445,241626.64,242907.89,640.62274,0.10419558
304,248644.0,250821.7,2177.7031,0.008758318,250190.95,251452.45,630.7435,0.09206671
305,230927.0,213419.03,-17507.969,-0.075816035,212743.64,214094.42,675.38745,0.102140814
306,174120.0,179643.17,5523.172,0.03172049,179158.97,180127.38,484.19812,0.119392745
307,97766.0,103751.79,5985.789,0.06122567,103492.016,104011.56,259.77255,0.11585901
308,323209.0,318060.5,-5148.5,-0.01592932,317182.6,318938.4,877.9144,0.098415226
309,247354.0,266286.44,18932.438,0.076539844,265613.4,266959.47,673.0459,0.10973429
310,372705.0,328616.28,-44088.72,-0.118293874,327494.12,329738.44,1122.169,0.12514566
311,256116.0,261119.62,5003.625,0.019536559,260673.6,261565.66,446.0324,0.06750668
312,204836.0,214571.67,9735.672,0.047529105,213973.28,215170.06,598.38684,0.110308014
313,260994.0,257126.6,-3867.4062,-0.014817989,256351.89,257901.3,774.706,0.116346255
314,181004.0,193834.64,12830.641,0.07088595,193330.3,194338.98,504.3393,0.10797904
315,164198.0,170482.9,6284.9062,0.038276386,170115.22,170850.6,367.6949,0.095068805
316,373108.0,349607.97,-23500.031,-0.062984526,348702.12,350513.8,905.8478,0.084768124
317,209792.0,203198.27,-6593.7344,-0.031429864,202566.47,203830.06,631.79364,0.11104335
318,271673.0,280372.72,8699.719,0.03202276,279563.53,281181.9,809.20087,0.1213591
319,275189.0,276253.9,1064.9062,0.0038697268,275666.97,276840.84,586.94763,0.080245055
320,563343.0,530554.3,-32788.688,-0.05820377,529252.5,531856.1,1301.8184,0.08225292
321,226732.0,229404.84,2672.8438,0.01178856,228997.14,229812.55,407.70236,0.06937085
322,189666.0,189591.88,-74.125,-0.0003908186,189034.31,190149.44,557.5638,0.11785978
323,284864.0,276469.12,-8394.875,-0.029469764,276013.88,276924.38,455.254,0.059749775
324,190601.0,211844.42,21243.422,0.111454934,210889.97,212798.88,954.44855,0.26339045
325,220825.0,244040.42,23215.422,0.105130404,243126.95,244953.89,913.4751,0.17536707
326,206086.0,209637.0,3551.0,0.01723067,209127.98,210146.02,509.01987,0.09347025
327,288272.0,288986.94,714.9375,0.0024800797,288215.62,289758.25,771.326,0.102095984
328,160906.0,176248.1,15342.094,0.09534818,175772.38,176723.81,475.71515,0.11804845
329,248224.0,254673.33,6449.328,0.025981888,254093.86,255252.8,579.4732,0.09021734
330,146048.0,166359.02,20311.016,0.13907082,165606.03,167112.0,752.98627,0.19525163
331,207731.0,211613.45,3882.4531,0.018689811,211151.95,212074.95,461.5065,0.09229212
332,130871.0,143760.78,12889.781,0.098492265,143323.02,144198.55,437.77005,0.14151613
333,372204.0,344412.8,-27791.188,-0.074666545,343430.4,345395.22,982.3982,0.09741623
334,186886.0,215207.52,28321.516,0.15154435,214370.19,216044.84,837.3327,0.16675963
335,578095.0,539679.4,-38415.625,-0.06645209,538059.5,541299.25,1619.9045,0.11418046
336,501861.0,417656.4,-84204.59,-0.16778469,415353.0,419959.8,2303.421,0.16970019
337,201632.0,208117.53,6485.5312,0.03216519,207717.12,208517.94,400.4002,0.075511314
338,253123.0,253899.16,776.15625,0.0030663204,253295.23,254503.08,603.9235,0.091046914
339,197332.0,196321.1,-1010.90625,-0.00512287,195758.3,196883.89,562.79224,0.10920274
340,252321.0,255324.4,3003.4062,0.0119031165,254731.06,255917.75,593.3477,0.08663967
341,206032.0,216131.67,10099.672,0.049019918,215583.72,216679.62,547.95526,0.10006793
342,427321.0,392850.25,-34470.75,-0.08066711,391730.78,393969.72,1119.4609,0.09263304
343,282447.0,265392.2,-17054.812,-0.060382348,264524.25,266260.12,867.9267,0.10891558
344,351635.0,306618.94,-45016.062,-0.12801929,305358.03,307879.84,1260.9146,0.118272506
345,161121.0,194809.28,33688.28,0.20908685,193874.48,195744.08,934.79376,0.23061916
346,278790.0,259663.03,-19126.969,-0.068607084,259020.5,260305.56,642.5293,0.08691745
347,198185.0,199095.69,910.6875,0.0045951386,198619.44,199571.94,476.25595,0.090665795
348,336702.0,313823.47,-22878.531,-0.0679489,312543.9,315103.03,1279.5492,0.14517145
349,317394.0,315366.12,-2027.875,-0.006389141,314612.38,316119.88,753.7347,0.0874672
350,263008.0,263755.0,747.0,0.002840218,263096.47,264413.53,658.5237,0.09543332
351,225906.0,238398.0,12492.0,0.055297337,237694.8,239101.2,703.19867,0.12028054
352,250170.0,262061.23,11891.234,0.047532614,261532.33,262590.12,528.8992,0.08045925
353,291778.0,269350.12,-22427.875,-0.07686623,268625.0,270075.25,725.1238,0.09956878
354,310256.0,305843.22,-4412.7812,-0.014223033,305167.47,306518.97,675.7552,0.07830921
355,341866.0,326852.5,-15013.5,-0.04391633,326126.75,327578.25,725.7496,0.07410284
356,240467.0,237056.88,-3410.125,-0.01418126,236555.7,237558.05,501.16534,0.0773626
357,297467.0,275836.1,-21630.906,-0.072716996,275090.75,276581.44,745.3577,0.09273489
358,361777.0,372787.88,11010.875,0.03043553,372098.0,373477.75,689.8654,0.07171364
359,246533.0,272788.25,26255.25,0.10649791,271907.34,273669.16,880.9029,0.1334181
360,255816.0,252408.44,-3407.5625,-0.013320365,251979.36,252837.52,429.08337,0.064771324
361,232212.0,238536.8,6324.797,0.027237166,237957.36,239116.23,579.4298,0.103177026
362,349593.0,359206.72,9613.719,0.027499747,358414.22,359999.22,792.5099,0.08750736
363,274147.0,263570.6,-10576.406,-0.038579326,263000.1,264141.1,570.5155,0.079137996
364,196398.0,183751.4,-12646.594,-0.06439268,183263.9,184238.9,487.50107,0.09206948
365,209296.0,199456.38,-9839.625,-0.047012962,198941.64,199971.11,514.734,0.090064384
366,221759.0,236160.34,14401.344,0.06494141,235369.72,236950.97,790.61993,0.2066539
367,203368.0,209736.33,6368.328,0.031314306,209161.47,210311.19,574.86426,0.10973945
368,374529.0,348584.78,-25944.219,-0.06927159,347533.25,349636.3,1051.5206,0.09128446
369,242209.0,259125.34,16916.344,0.06984193,258394.73,259855.95,730.6172,0.11373317
370,293651.0,297970.22,4319.2188,0.01470868,297199.06,298741.38,771.16174,0.096697554
371,247944.0,274396.34,26452.344,0.10668676,273443.44,275349.25,952.9082,0.15847576
372,339258.0,313851.44,-25406.562,-0.07488862,312756.2,314946.7,1095.252,0.11119133
373,173309.0,200140.48,26831.484,0.15481876,199393.86,200887.11,746.62744,0.16402839
374,262261.0,258369.45,-3891.5469,-0.014838451,257802.36,258936.55,567.0969,0.083312914
375,338607.0,337520.2,-1086.8125,-0.0032096575,336511.38,338529.0,1008.8072,0.124251924
376,299342.0,287964.2,-11377.8125,-0.03800941,287350.8,288577.56,613.36426,0.07262222
377,310143.0,300615.3,-9527.6875,-0.030720305,299897.56,301333.06,717.75684,0.08082635
378,252025.0,252956.33,931.3281,0.00369538,252339.19,253573.47,617.1347,0.09348305
379,151044.0,158181.66,7137.6562,0.047255475,157811.42,158551.89,370.23654,0.09763981
380,517968.0,516966.75,-1001.25,-0.0019330345,515582.1,518351.4,1384.6497,0.09664691
381,332389.0,327676.22,-4712.7812,-0.014178512,326975.75,328376.7,700.46655,0.07702094
382,289642.0,301123.06,11481.0625,0.039638802,300507.03,301739.1,616.035,0.082699604
383,627507.0,647765.6,20258.625,0.0322843,646444.1,649087.1,1321.5209,0.081926405
384,340152.0,325619.97,-14532.031,-0.04272217,324473.06,326766.88,1146.9176,0.12847888
385,266606.0,280783.75,14177.75,0.05317866,279964.7,281602.8,819.0728,0.12471336
386,262091.0,259535.12,-2555.875,-0.009751861,258962.77,260107.48,572.35175,0.073486
387,344310.0,332314.75,-11995.25,-0.034838516,331351.2,333278.3,963.56915,0.10787849
388,366502.0,388792.2,22290.188,0.06081873,387883.88,389700.5,908.32153,0.0924926
389,408073.0,382001.3,-26071.688,-0.063889764,380996.84,383005.78,1004.4537,0.09143344
390,436175.0,426199.78,-9975.219,-0.022869762,425230.1,427169.47,969.692,0.08054664
391,194864.0,211992.19,17128.188,0.087898165,211273.4,212710.97,718.78656,0.18190719
392,258295.0,265753.75,7458.75,0.028876865,265026.3,266481.2,727.4333,0.1078834
393,220051.0,231719.73,11668.734,0.05302741,231146.62,232292.84,573.1164,0.099839814
394,324071.0,310727.47,-13343.531,-0.041174717,310070.75,311384.2,656.711,0.07368244
395,142116.0,155027.12,12911.125,0.0908492,154573.47,155480.78,453.66043,0.12353394
396,379257.0,377282.2,-1974.8125,-0.005207056,376632.34,377932.03,649.83093,0.065266676
397,216590.0,211635.42,-4954.578,-0.022875378,211190.92,212079.92,444.49924,0.08089605
398,206120.0,195836.89,-10283.109,-0.049888946,195251.81,196421.97,585.0778,0.09624472
399,220687.0,214223.42,-6463.578,-0.029288441,213546.56,214900.28,676.85535,0.11192311
400,316104.0,319235.62,3131.625,0.009906945,318403.16,320068.1,832.47437,0.09693231
401,272102.0,259580.12,-12521.875,-0.046019047,258583.08,260577.17,997.048,0.15911996
402,217378.0,212498.42,-4879.578,-0.022447433,211810.03,213186.81,688.3965,0.113650866
403,279184.0,256456.33,-22727.672,-0.0814075,255638.28,257274.38,818.04285,0.106248155
404,191684.0,178860.6,-12823.406,-0.06689868,178289.98,179431.2,570.6079,0.1148633
405,164882.0,173226.12,8344.125,0.050606646,172675.4,173776.84,550.7242,0.13299698
406,271700.0,244112.97,-27587.031,-0.101534896,243289.6,244936.34,823.37933,0.10631325
407,159086.0,150597.23,-8488.766,-0.0533596,150027.81,151166.66,569.42194,0.13050386
408,188093.0,178696.73,-9396.266,-0.049955424,178241.81,179151.66,454.91644,0.08357314
409,233553.0,218041.81,-15511.1875,-0.06641399,217335.95,218747.67,705.85724,0.10734393
410,232952.0,236662.61,3710.6094,0.015928643,236181.05,237144.17,481.56412,0.08530023
411,353516.0,337286.62,-16229.375,-0.04590846,336456.75,338116.5,829.88275,0.08744098
412,353091.0,326469.72,-26621.281,-0.07539496,325208.12,327731.3,1261.604,0.123214535
413,262867.0,283384.72,20517.719,0.07805361,282620.75,284148.7,763.9569,0.1263324
414,254179.0,250026.05,-4152.953,-0.016338695,249460.72,250591.38,565.3249,0.08215956
415,238802.0,248656.42,9854.422,0.041266076,248148.8,249164.05,507.63055,0.08185573
416,420451.0,362480.97,-57970.03,-0.13787583,360909.44,364052.5,1571.529,0.13851397
417,251495.0,266434.5,14939.5,0.05940277,265497.53,267371.47,936.95667,0.14448507
418,191744.0,191641.48,-102.515625,-0.0005346484,191144.48,192138.48,496.99664,0.10849074
419,190051.0,208994.0,18943.0,0.09967325,208299.05,209688.95,694.9505,0.15774854
420,190178.0,191390.75,1212.75,0.0063769207,190792.78,191988.72,597.9736,0.11495387
421,377071.0,331565.53,-45505.47,-0.120681435,330191.12,332939.94,1374.4023,0.12878104
422,162072.0,188729.33,26657.328,0.1644783,187948.6,189510.06,780.7385,0.17756033
423,518028.0,420417.2,-97610.81,-0.18842767,418147.16,422687.22,2270.019,0.18101902
424,269504.0,259596.73,-9907.266,-0.03676111,258768.17,260425.3,828.5621,0.10813068
425,117060.0,141573.38,24513.375,0.20940864,140910.16,142236.6,663.21106,0.24578758
426,179483.0,190665.03,11182.031,0.062301338,190199.89,191130.17,465.14496,0.100096405
427,279387.0,289941.72,10554.719,0.03777813,288694.56,291188.88,1247.1589,0.1668996
428,247948.0,220420.72,-27527.281,-0.11102038,219564.25,221277.19,856.4631,0.12497031
429,195953.0,218794.86,22841.86,0.11656805,218109.7,219480.02,685.1581,0.13620546
430,328696.0,317966.53,-10729.469,-0.03264253,317246.53,318686.53,720.0124,0.082235985
431,358831.0,331807.9,-27023.094,-0.075308695,330938.38,332677.44,869.5197,0.08756686
432,427390.0,381492.75,-45897.25,-0.10738962,380069.44,382916.06,1423.3108,0.12752262
433,240802.0,224112.61,-16689.39,-0.06930753,223587.39,224637.83,525.226,0.10986256
434,379244.0,363453.7,-15790.3125,-0.04163629,362415.0,364492.38,1038.6787,0.102145344
435,110661.0,134898.95,24237.953,0.21902886,134232.75,135565.16,666.2042,0.23006727
436,202088.0,213011.69,10923.6875,0.05405411,212537.55,213485.83,474.1377,0.09614185
437,270674.0,263449.7,-7224.3125,-0.026690086,262313.62,264585.75,1136.0712,0.161628
438,208192.0,223953.86,15761.859,0.075708285,223105.05,224802.67,848.81537,0.16275513
439,255154.0,257767.2,2613.2031,0.0102416705,257237.66,258296.75,529.54205,0.07656789
440,201195.0,196156.19,-5038.8125,-0.025044423,195589.27,196723.11,566.92444,0.11726261
441,241182.0,235355.8,-5826.203,-0.024156874,234792.98,235918.61,562.806,0.08588019
442,170511.0,166291.19,-4219.8125,-0.024748037,165872.55,166709.83,418.63788,0.08960362
443,191727.0,202521.39,10794.391,0.056300838,201985.7,203057.08,535.6823,0.1130422
444,435696.0,415966.62,-19729.375,-0.045282435,414643.03,417290.22,1323.5941,0.10804644
445,319896.0,289350.6,-30545.406,-0.09548543,288093.34,290607.84,1257.2496,0.14064193
446,168585.0,186938.45,18353.453,0.10886765,186324.98,187551.92,613.47363,0.15465225
447,198024.0,226891.75,28867.75,0.14577904,226006.23,227777.27,885.50946,0.1692585
448,307604.0,309124.94,1520.9375,0.004944466,308339.6,309910.28,785.34467,0.101928495
449,389271.0,379722.16,-9548.844,-0.024530066,378779.56,380664.75,942.58905,0.09075931
450,343277.0,323217.8,-20059.188,-0.058434404,321931.25,324504.38,1286.5775,0.1342306
451,211399.0,207595.39,-3803.6094,-0.017992562,206970.78,208220.0,624.61633,0.106912404
452,179376.0,180910.94,1534.9375,0.008557095,180515.39,181306.48,395.54477,0.095648676
453,443585.0,410844.22,-32740.781,-0.07380949,409637.6,412050.84,1206.6251,0.115196735
454,218014.0,212991.0,-5023.0,-0.023039805,212501.61,213480.39,489.39435,0.116765544
455,300661.0,270247.2,-30413.812,-0.101156496,269083.06,271411.3,1164.1273,0.13470541
456,212627.0,239478.42,26851.422,0.12628415,238656.64,240300.2,821.7777,0.15899815
457,206047.0,200440.23,-5606.7656,-0.0272111,199930.7,200949.77,509.53238,0.09201284
458,288269.0,274969.66,-13299.344,-0.046135187,273925.16,276014.16,1044.4946,0.13067229
459,338603.0,325801.44,-12801.5625,-0.037806995,324964.75,326638.12,836.6861,0.09420728
460,143250.0,142797.81,-452.1875,-0.0031566317,142448.4,143147.22,349.40808,0.08964392
461,173325.0,192265.34,18940.344,0.109276466,191635.5,192895.19,629.84375,0.14860381
462,166039.0,182201.0,16162.0,0.09733858,181630.39,182771.61,570.6032,0.12773748
463,215644.0,241570.9,25926.906,0.12023013,240715.9,242425.9,855.00525,0.16043848
464,396031.0,346879.62,-49151.375,-0.12410992,345516.22,348243.03,1363.4198,0.12860787
465,301088.0,298201.0,-2887.0,-0.009588559,297521.44,298880.56,679.55457,0.084079616
466,276481.0,281932.25,5451.25,0.019716544,281208.66,282655.84,723.58044,0.11387547
467,494311.0,488799.3,-5511.6875,-0.011150243,487224.53,490374.1,1574.7657,0.11828312
468,237195.0,241841.47,4646.4688,0.019589236,240962.31,242720.62,879.1625,0.13945577
469,426838.0,400158.44,-26679.562,-0.062505126,399097.28,401219.6,1061.1488,0.08237316
470,437271.0,434110.16,-3160.8438,-0.007228569,433182.66,435037.66,927.4996,0.0790575
471,263268.0,256740.61,-6527.3906,-0.02479371,256158.58,257322.64,582.0266,0.08213768
472,196100.0,211947.36,15847.359,0.08081264,211423.64,212471.08,523.7188,0.106151395
473,121332.0,136518.53,15186.531,0.12516509,136081.9,136955.16,436.62967,0.14558989
474,270647.0,271179.3,532.3125,0.0019668147,270612.8,271745.8,566.4952,0.085636966
475,226869.0,244730.12,17861.125,0.0787288,243804.11,245656.14,926.0121,0.15077904
476,217624.0,218234.58,610.5781,0.0028056563,217697.08,218772.08,537.5023,0.12814073
477,242014.0,231444.27,-10569.734,-0.043674063,230799.66,232088.88,644.6089,0.098939724
478,249671.0,246186.88,-3484.125,-0.013954865,245475.2,246898.55,711.66547,0.11918603
479,419874.0,413340.6,-6533.4062,-0.015560397,412337.66,414343.53,1002.9319,0.091160834
480,172778.0,183754.95,10976.953,0.06353212,183280.9,184229.0,474.04694,0.13375188
481,214681.0,205316.86,-9364.141,-0.04361886,204763.81,205869.9,553.03955,0.09243313
482,283914.0,285270.5,1356.5,0.0047778552,284624.2,285916.8,646.3277,0.08483594
483,175057.0,182350.72,7293.7188,0.041664824,181589.0,183112.44,761.7264,0.25247225
484,291998.0,277672.7,-14325.3125,-0.049059626,276419.38,278926.0,1253.3077,0.15235552
485,200989.0,210698.03,9709.031,0.048306283,210182.47,211213.6,515.5597,0.0984068
486,159794.0,162899.14,3105.1406,0.019432148,162470.45,163327.83,428.68073,0.10238864
487,268939.0,253710.28,-15228.719,-0.056625176,253120.64,254299.92,589.6413,0.07814531
488,138267.0,160732.78,22465.781,0.16248114,160080.53,161385.03,652.2477,0.18494254
489,277872.0,264393.88,-13478.125,-0.048504796,263615.53,265172.22,778.34033,0.100188136
490,300787.0,285415.16,-15371.844,-0.051105414,284742.75,286087.56,672.4211,0.08244862
491,258705.0,260485.77,1780.7656,0.0068833833,259926.67,261044.86,559.0985,0.07998766
492,293006.0,280983.97,-12022.031,-0.041029982,280251.06,281716.88,732.8951,0.093878835
493,325940.0,292167.22,-33772.78,-0.10361656,291145.53,293188.9,1021.6737,0.11241398
494,327454.0,360343.56,32889.562,0.10044026,359416.2,361270.94,927.37427,0.13910173
495,206422.0,199519.66,-6902.3438,-0.033438023,199052.39,199986.92,467.27017,0.082818955
496,283869.0,261204.78,-22664.219,-0.079840414,260452.2,261957.36,752.58295,0.0895538
497,324096.0,299717.56,-24378.438,-0.0752198,298943.06,300492.06,774.5045,0.086145684
498,258656.0,244328.75,-14327.25,-0.055391137,243573.36,245084.14,755.386,0.10664407
499,206492.0,214956.6,8464.594,0.040992357,214529.31,215383.88,427.28766,0.07744312
500,236822.0,223807.03,-13014.969,-0.054956757,223192.03,224422.03,615.004,0.09648109
501,180166.0,217957.55,37791.547,0.2097596,216936.16,218978.94,1021.393,0.24550493
502,378842.0,402996.88,24154.875,0.06375976,401862.3,404131.44,1134.5634,0.112150304
503,257371.0,265504.0,8133.0,0.031600296,264775.78,266232.22,728.2165,0.1070558
504,253358.0,257722.94,4364.9375,0.017228339,257123.61,258322.27,599.3353,0.08588029
505,177543.0,190884.73,13341.734,0.0751465,190371.22,191398.25,513.5106,0.110245705
506,259822.0,226617.48,-33204.516,-0.12779717,225683.72,227551.25,933.7669,0.12679529
507,312512.0,317118.5,4606.5,0.014740234,316096.16,318140.84,1022.33264,0.12131481
508,269703.0,265471.9,-4231.0938,-0.015687974,264797.06,266146.75,674.8482,0.08722491
509,225160.0,233890.48,8730.484,0.03877458,233315.86,234465.11,574.6217,0.0938974
510,299549.0,291244.5,-8304.5,-0.027723344,290630.03,291858.97,614.4595,0.08053893
511,214861.0,224962.48,10101.484,0.047014043,224217.03,225707.94,745.449,0.12760623
512,283724.0,258148.84,-25575.156,-0.09014097,257317.75,258979.94,831.09357,0.11764852
513,630199.0,550917.9,-79281.125,-0.12580332,548651.94,553183.8,2265.954,0.1350422
514,217663.0,231043.52,13380.516,0.06147354,230328.28,231758.75,715.2266,0.12800683
515,333555.0,329161.5,-4393.5,-0.013171741,328507.84,329815.16,653.64526,0.07366329
516,215375.0,229971.66,14596.656,0.067773215,229266.45,230676.86,705.19934,0.13713035
517,231853.0,219995.89,-11857.109,-0.051140632,219336.47,220655.31,659.4197,0.10747449
518,223867.0,224077.17,210.17188,0.0009388247,223149.47,225004.88,927.7043,0.15332398
519,200440.0,200731.8,291.79688,0.0014557816,200222.86,201240.73,508.93814,0.09701162
520,158217.0,155958.77,-2258.2344,-0.0142730195,155555.12,156362.4,403.63306,0.09924324
521,194008.0,195076.98,1068.9844,0.0055100014,194629.23,195524.73,447.75235,0.09059264
522,327590.0,312643.88,-14946.125,-0.045624483,311693.22,313594.53,950.6508,0.10142052
523,501423.0,509703.3,8280.3125,0.016513627,508706.5,510700.12,996.82556,0.07156281
524,331200.0,328599.9,-2600.0938,-0.007850525,328143.78,329056.03,456.1103,0.06643678
525,346974.0,365195.62,18221.625,0.052515823,364384.44,366006.8,811.1729,0.086184494
526,383461.0,392025.84,8564.844,0.022335632,391032.22,393019.47,993.6096,0.12079629
527,398538.0,390244.78,-8293.219,-0.020809105,389321.3,391168.25,923.48224,0.087213226
528,395274.0,407771.28,12497.281,0.031616755,406820.03,408722.53,951.2362,0.082912706
529,305728.0,293599.4,-12128.594,-0.03967119,293050.5,294148.3,548.9129,0.063136764
530,296689.0,227505.77,-69183.234,-0.23318435,225804.22,229207.31,1701.5482,0.230968
531,187503.0,214525.47,27022.469,0.14411753,213781.77,215269.17,743.7057,0.15320462
532,399170.0,406295.6,7125.5938,0.017851025,405224.38,407366.8,1071.2054,0.098051764
533,400231.0,363455.97,-36775.03,-0.091884516,362373.47,364538.47,1082.4916,0.090965755
534,283909.0,276007.94,-7901.0625,-0.02782956,274581.94,277433.94,1426.0153,0.2174193
535,297505.0,299142.44,1637.4375,0.005503899,298383.25,299901.62,759.17224,0.09869631
536,299661.0,314123.5,14462.5,0.04826287,313238.56,315008.44,884.9464,0.118397936
537,226329.0,220366.72,-5962.2812,-0.026343426,219773.06,220960.38,593.65247,0.09459014
538,144576.0,150372.4,5796.4062,0.04009245,149911.12,150833.69,461.28317,0.13412137
539,433085.0,376349.1,-56735.906,-0.1310041,374793.8,377904.38,1555.2919,0.13141333
540,260145.0,254598.58,-5546.422,-0.021320501,253867.58,255329.58,730.9984,0.10022385
541,250949.0,248505.42,-2443.5781,-0.009737349,247826.58,249184.27,678.85126,0.10159101
542,226514.0,230981.92,4467.922,0.019724704,230392.78,231571.06,589.14404,0.10000915
543,97944.0,109200.16,11256.156,0.11492441,108757.336,109642.98,442.82098,0.19440544
544,490870.0,496477.28,5607.2812,0.011423149,495482.62,497471.94,994.6524,0.073053844
545,402112.0,388548.0,-13564.0,-0.033731896,387606.7,389489.3,941.32715,0.08174043
546,543657.0,532585.9,-11071.125,-0.020364173,531065.3,534106.44,1520.5338,0.10475926
547,231995.0,228650.11,-3344.8906,-0.014417943,227964.55,229335.67,685.5576,0.106917396
548,182245.0,196689.17,14444.172,0.07925689,196120.0,197258.34,569.1652,0.12227264
549,177407.0,180401.84,2994.8438,0.016881203,179930.16,180873.53,471.69058,0.09664944
550,192353.0,211614.73,19261.734,0.10013743,211010.69,212218.78,604.045,0.11979411
551,247138.0,230179.31,-16958.688,-0.06862032,229345.17,231013.45,834.14056,0.10969137
552,282945.0,271324.84,-11620.156,-0.041068606,270310.3,272339.38,1014.5423,0.12229839
553,278502.0,252573.97,-25928.031,-0.093098186,251417.39,253730.55,1156.5753,0.13825472
554,205277.0,192523.38,-12753.625,-0.062128857,191841.06,193205.69,682.31946,0.12560084
555,180425.0,173296.56,-7128.4375,-0.039509144,172877.44,173715.69,419.12106,0.08636934
556,262229.0,236761.16,-25467.844,-0.09712062,235794.61,237727.7,966.548,0.1310316
557,148642.0,162381.34,13739.344,0.09243245,161806.58,162956.11,574.7599,0.1548066
558,123131.0,123854.94,723.9375,0.005879409,123551.055,124158.82,303.8802,0.09513597
559,215821.0,217558.3,1737.2969,0.008049712,216793.06,218323.53,765.2368,0.20904945
560,540816.0,465814.4,-75001.59,-0.13868228,463784.1,467844.72,2030.3013,0.13365008
561,255542.0,274166.38,18624.375,0.072881855,273494.34,274838.4,672.02264,0.10675165
562,744942.0,749445.3,4503.3125,0.0060451855,748377.4,750513.25,1067.9235,0.06531571
563,159904.0,184415.11,24511.11,0.15328641,183581.8,185248.42,833.319,0.20227596
564,219827.0,214937.84,-4889.1562,-0.022240927,214510.62,215365.06,427.22513,0.07171327
565,238718.0,245844.66,7126.6562,0.029853871,245394.75,246294.56,449.89932,0.072821885
566,200457.0,184721.61,-15735.391,-0.07849759,184138.45,185304.77,583.1609,0.103365265
567,181553.0,183246.11,1693.1094,0.009325703,182680.98,183811.23,565.12524,0.13918403
568,198479.0,207588.6,9109.594,0.045897014,207082.52,208094.67,506.07816,0.096294746
569,165600.0,176170.39,10570.391,0.06383086,175558.27,176782.52,612.1244,0.12935
570,145298.0,162279.14,16981.14,0.116871126,161747.36,162810.92,531.78265,0.14526695
571,310655.0,299528.72,-11126.281,-0.035815556,298728.75,300328.7,799.9591,0.093839824
572,253205.0,267386.47,14181.469,0.056007855,266631.97,268140.97,754.5143,0.11115092
573,144901.0,162892.78,17991.781,0.12416603,162324.69,163460.88,568.0964,0.15536882
574,348658.0,316329.03,-32328.969,-0.09272401,315382.16,317275.9,946.8606,0.09285437
575,191530.0,188829.86,-2700.1406,-0.014097743,187825.39,189834.33,1004.4644,0.21343647
576,246442.0,251302.08,4860.078,0.01972098,250758.86,251845.3,543.2178,0.09324535
577,181517.0,186764.11,5247.1094,0.028906986,186283.17,187245.05,480.93356,0.1036469
578,442839.0,334134.47,-108704.53,-0.2454719,331544.5,336724.44,2589.9744,0.23798251
579,285476.0,300253.6,14777.594,0.05176475,299439.53,301067.66,814.0706,0.11069679
580,359046.0,361289.16,2243.1562,0.0062475456,360440.72,362137.6,848.43066,0.089430265
581,185040.0,204517.14,19477.14,0.10525908,203785.55,205248.73,731.5998,0.202842
582,229414.0,237102.89,7688.8906,0.03351535,236561.28,237644.5,541.60645,0.09354784
583,156567.0,168385.44,11818.4375,0.07548486,167998.64,168772.23,386.80228,0.10169411
584,182632.0,177419.64,-5212.3594,-0.028540231,176930.39,177908.89,489.2544,0.09892737
585,185082.0,214476.4,29394.406,0.15881829,213556.0,215396.81,920.40656,0.21652414
586,556130.0,525095.9,-31034.125,-0.055803724,523550.9,526640.8,1544.9614,0.099326305
587,398181.0,362970.62,-35210.375,-0.088428065,361486.53,364454.72,1484.0924,0.13400438
588,236930.0,235206.7,-1723.2969,-0.007273443,234760.58,235652.83,446.1316,0.0732758
589,189969.0,178819.25,-11149.75,-0.05869247,178185.05,179453.45,634.20465,0.12908146
590,197228.0,212900.69,15672.6875,0.07946482,212244.73,213556.64,655.95245,0.12721463
591,215687.0,215171.38,-515.625,-0.002390617,214587.2,215755.55,584.1746,0.10137852
592,156516.0,171766.5,15250.5,0.09743732,171172.23,172360.77,594.2728,0.15963398
593,358287.0,356069.9,-2217.0938,-0.0061880383,355323.9,356815.9,746.0058,0.08008533
594,158314.0,164216.61,5902.6094,0.03728419,163796.75,164636.47,419.86612,0.10246864
595,529213.0,380467.12,-148745.88,-0.28106996,376446.97,384487.28,4020.1592,0.27360263
596,185406.0,162984.23,-22421.766,-0.12093333,162292.56,163675.9,691.66425,0.14369723
597,192178.0,197517.58,5339.578,0.027784545,196946.97,198088.19,570.61334,0.11226405
598,211351.0,219718.61,8367.609,0.039591055,219229.19,220208.03,489.4272,0.08650835
599,364750.0,333264.66,-31485.344,-0.08632034,332277.6,334251.72,987.07117,0.094820455
600,279676.0,278705.9,-970.09375,-0.0034686343,278232.44,279179.38,473.4813,0.06569388
601,181801.0,188342.47,6541.4688,0.03598148,187877.25,188807.69,465.21954,0.09759958
602,235665.0,228181.45,-7483.547,-0.03175502,227616.88,228746.03,564.57947,0.090410255
603,265714.0,254721.8,-10992.203,-0.04136855,254078.55,255365.05,643.2446,0.08732
604,257395.0,283108.12,25713.125,0.09989753,282306.06,283910.2,802.0638,0.12400092
605,277291.0,268841.38,-8449.625,-0.03047205,268058.66,269624.1,782.72943,0.10231412
606,208693.0,211339.84,2646.8438,0.012682954,210942.11,211737.58,397.7291,0.07380065
607,134561.0,147797.69,13236.6875,0.09836942,147239.45,148355.92,558.2345,0.24839155
608,349631.0,356620.84,6989.8438,0.01999206,355590.53,357651.16,1030.3088,0.11917746
609,176352.0,181106.31,4754.3125,0.02695922,180673.52,181539.11,432.79883,0.09428366
610,147257.0,155502.12,8245.125,0.055991396,155157.8,155846.45,344.32416,0.092203274
611,223883.0,229822.92,5939.922,0.026531367,229131.48,230514.36,691.4373,0.11621515
612,239825.0,254417.88,14592.875,0.060848013,253446.66,255389.1,971.2208,0.17763469
613,225321.0,261462.33,36141.33,0.16039929,260477.78,262446.88,984.5545,0.1567641
614,244731.0,240947.89,-3783.1094,-0.0154582355,240243.1,241652.69,704.79083,0.10724762
615,339921.0,344843.47,4922.4688,0.014481214,344218.44,345468.5,625.0405,0.067736685
616,297124.0,295349.0,-1775.0,-0.005973937,294760.25,295937.75,588.7584,0.07425995
617,241903.0,245157.58,3254.5781,0.013454063,244427.48,245887.67,730.0882,0.14216264
618,278483.0,263573.66,-14909.344,-0.053537715,263005.53,264141.78,568.1135,0.07356775
619,161741.0,165279.44,3538.4375,0.021877183,164835.33,165723.55,444.10788,0.11161174
620,327495.0,289135.84,-38359.156,-0.11712898,288062.1,290209.6,1073.7452,0.11757421
621,218090.0,213430.53,-4659.4688,-0.02136489,212938.75,213922.31,491.78772,0.0831786
622,166304.0,168150.67,1846.6719,0.0111041935,167864.83,168436.52,285.83984,0.06888914
623,245045.0,254804.42,9759.422,0.03982706,253994.4,255614.44,810.0133,0.12474241
624,248651.0,267425.25,18774.25,0.07550442,266706.9,268143.6,718.3307,0.12236609
625,228649.0,235103.9,6454.9062,0.028230634,234487.84,235719.97,616.0632,0.10282995
626,344734.0,313807.16,-30926.844,-0.089712195,312694.44,314919.88,1112.7158,0.10933231
627,253048.0,250750.56,-2297.4375,-0.009079058,250045.12,251456.0,705.4373,0.10962014
628,227359.0,241960.44,14601.4375,0.06422195,241065.3,242855.58,895.1468,0.1574507
629,231489.0,238629.62,7140.625,0.030846499,237931.03,239328.22,698.59204,0.114771016
630,218354.0,206966.97,-11387.031,-0.052149404,206172.48,207761.45,794.48444,0.17755835
631,207363.0,224708.6,17345.594,0.08364845,224085.4,225331.78,623.1888,0.12417082
632,279797.0,254394.56,-25402.438,-0.09078881,253570.3,255218.83,824.2704,0.10616685
633,265413.0,278123.66,12710.656,0.047890104,277144.47,279102.84,979.18396,0.13780756
634,246589.0,255298.22,8709.219,0.035318766,254556.7,256039.73,741.51855,0.13542484
635,218326.0,209353.06,-8972.9375,-0.041098803,208893.6,209812.53,459.47037,0.09230762
636,245849.0,207343.75,-38505.25,-0.15662155,205848.58,208838.92,1495.1711,0.18676092
637,343080.0,321576.3,-21503.688,-0.062678345,320611.38,322541.25,964.93555,0.10292774
638,230570.0,231667.8,1097.7969,0.00476123,231195.62,232139.97,472.17047,0.07363178
639,157567.0,188413.53,30846.531,0.19576772,187566.55,189260.52,846.978,0.21623723
640,437424.0,409125.38,-28298.625,-0.06469381,408108.88,410141.88,1016.4985,0.08247668
641,188890.0,221225.03,32335.031,0.17118445,220344.38,222105.69,880.65753,0.19979434
642,118776.0,141683.02,22907.016,0.19285896,141024.52,142341.52,658.4946,0.205039
643,287906.0,291296.28,3390.2812,0.011775653,290746.1,291846.47,550.1871,0.06986677
644,334343.0,342554.62,8211.625,0.024560481,341456.38,343652.88,1098.2654,0.12224931
645,396908.0,393263.47,-3644.5312,-0.009182307,392141.5,394385.44,1121.9603,0.10442518
646,187635.0,191617.28,3982.2812,0.021223553,191126.56,192108.0,490.71448,0.09689202
647,220132.0,231261.3,11129.297,0.05055738,230665.77,231856.83,595.53564,0.10933319
648,236931.0,241777.9,4846.9062,0.020457037,241261.95,242293.86,515.9529,0.08281124
649,132697.0,140724.58,8027.578,0.06049555,140278.05,141171.11,446.5302,0.15434442
650,236517.0,234153.98,-2363.0156,-0.009990891,233592.42,234715.55,561.5604,0.089533836
651,267482.0,277973.06,10491.0625,0.039221566,277234.28,278711.84,738.778,0.097878955
652,252517.0,255310.06,2793.0625,0.011060889,254760.62,255859.5,549.4449,0.089801185
653,214358.0,215516.17,1158.1719,0.0054029794,214997.08,216035.27,519.0928,0.09589915
654,244426.0,224888.81,-19537.188,-0.07993089,223693.77,226083.86,1195.0448,0.22245874
655,313379.0,300091.16,-13287.844,-0.04240183,299381.47,300800.84,709.67883,0.07866471
656,122711.0,122971.77,260.77344,0.0021251023,122643.88,123299.664,327.8885,0.09809827
657,204617.0,227788.83,23171.828,0.11324488,226714.06,228863.6,1074.7656,0.22244377
658,210923.0,215446.22,4523.2188,0.021444881,214802.16,216090.28,644.07,0.1317921
659,198186.0,206745.73,8559.734,0.04319041,206199.97,207291.5,545.76465,0.11697673
660,196975.0,175900.84,-21074.156,-0.10698899,175096.97,176704.72,803.8794,0.1434643
661,265879.0,259375.53,-6503.4688,-0.024460258,258591.23,260159.83,784.2905,0.10883414
662,292628.0,308156.6,15528.594,0.05306599,307265.56,309047.62,891.0321,0.12109834
663,228601.0,210859.83,-17741.172,-0.07760759,210174.33,211545.33,685.5043,0.103523046
664,192153.0,200589.64,8436.641,0.04390585,200094.31,201084.97,495.32327,0.10876019
665,293572.0,299927.4,6355.4062,0.021648543,299219.22,300635.6,708.193,0.09607828
666,273730.0,255561.44,-18168.562,-0.066374026,254651.14,256471.73,910.2967,0.11325283
667,320946.0,316661.03,-4284.9688,-0.013351059,316192.25,317129.8,468.79092,0.05316942
668,329106.0,317288.38,-11817.625,-0.035908263,316699.3,317877.44,589.07007,0.06752133
669,187231.0,188643.58,1412.5781,0.007544574,188186.56,189100.6,457.00946,0.09064665
670,248725.0,233328.9,-15396.094,-0.061900064,232698.08,233959.73,630.8248,0.094374806
671,260825.0,233432.86,-27392.14,-0.10502115,232629.1,234236.62,803.7714,0.107307784
672,311262.0,312746.28,1484.2812,0.0047685914,312083.5,313409.06,662.78296,0.07871635
673,299949.0,287990.0,-11959.0,-0.03987011,287287.34,288692.66,702.66785,0.08429163
674,289185.0,322117.0,32932.0,0.11387866,321140.38,323093.62,976.6109,0.13113761
675,133995.0,154748.25,20753.25,0.15488078,153921.05,155575.45,827.1992,0.2626125
676,404712.0,363179.4,-41532.594,-0.10262259,362064.22,364294.6,1115.1858,0.109409586
677,259871.0,261823.53,1952.5312,0.0075134635,261237.28,262409.78,586.2446,0.08546696
678,274745.0,256574.36,-18170.64,-0.06613638,255625.06,257523.66,949.2942,0.11836074
679,359379.0,343085.56,-16293.4375,-0.045337755,342310.53,343860.6,775.041,0.081619896
680,195269.0,193427.23,-1841.7656,-0.0094319405,192866.73,193987.73,560.49896,0.106711216
681,148268.0,142998.22,-5269.7812,-0.03554227,142574.86,143421.58,423.36652,0.11325183
682,485231.0,453146.22,-32084.781,-0.066122696,452155.34,454137.1,990.8813,0.08403164
683,294266.0,316226.6,21960.594,0.074628375,315472.9,316980.28,753.67303,0.10332784
684,333104.0,284129.94,-48974.062,-0.14702334,282675.38,285584.5,1454.5573,0.1490823
685,204114.0,217222.02,13108.016,0.064219095,216398.44,218045.6,823.5761,0.17269456
686,226002.0,232061.2,6059.203,0.026810396,231557.14,232565.27,504.0612,0.09474618
687,334224.0,315604.66,-18619.344,-0.055709176,314752.94,316456.38,851.7138,0.09387155
688,132188.0,142201.34,10013.344,0.075750776,141813.81,142588.88,387.53726,0.13254298
689,244572.0,253376.06,8804.0625,0.035997834,252797.92,253954.2,578.1412,0.08666776
690,200239.0,208071.44,7832.4375,0.039115444,207597.84,208545.03,473.6005,0.08941142
691,296579.0,304370.22,7791.2188,0.026270298,303524.34,305216.1,845.88715,0.1101454
692,236254.0,239199.2,2945.2031,0.012466257,238435.39,239963.02,763.806,0.12235895
693,240223.0,237593.73,-2629.2656,-0.010945104,236629.36,238558.11,964.3816,0.1414018
694,312806.0,297365.47,-15440.531,-0.049361367,296713.75,298017.2,651.727,0.07252615
695,204865.0,191193.38,-13671.625,-0.0667348,190191.78,192194.97,1001.58923,0.18675852
696,337820.0,290471.72,-47348.28,-0.14015831,289142.2,291801.25,1329.5367,0.13880375
697,397989.0,372358.88,-25630.125,-0.06439908,371278.9,373438.84,1079.9823,0.095893435
698,621810.0,516362.53,-105447.47,-0.16958149,513491.25,519233.8,2871.2837,0.16928586
699,287348.0,296789.16,9441.156,0.032856174,296059.6,297518.72,729.56335,0.099929124
700,170751.0,176691.81,5940.8125,0.034792256,176251.16,177132.47,440.653,0.11907003
701,215169.0,219231.48,4062.4844,0.018880434,218375.58,220087.39,855.90186,0.14635912
702,156237.0,166571.73,10334.734,0.066147804,165950.95,167192.52,620.77356,0.14823653
703,114428.0,124872.04,10444.039,0.091271706,124511.69,125232.39,360.34912,0.12176304
704,402892.0,377864.12,-25027.875,-0.062120557,376840.03,378888.22,1024.0823,0.095878795
705,289572.0,300306.1,10734.094,0.037068825,299469.06,301143.12,837.0378,0.12038864
706,216028.0,220758.95,4730.953,0.021899723,220339.7,221178.2,419.25513,0.07590508
707,312348.0,315801.9,3453.9062,0.011057879,315007.84,316595.97,794.05194,0.09887251
708,216884.0,196405.14,-20478.86,-0.0944231,195735.28,197075.0,669.85876,0.1074721
709,376783.0,321585.1,-55197.906,-0.14649788,319883.2,323287.0,1701.9027,0.16249438
710,173212.0,175600.81,2388.8125,0.013791264,174770.23,176431.39,830.57587,0.18656543
711,211462.0,250713.75,39251.75,0.18562081,249635.33,251792.17,1078.4207,0.1920584
712,224457.0,232077.95,7620.953,0.033952843,231446.69,232709.22,631.2698,0.10563175
713,333086.0,362432.56,29346.562,0.08810506,361061.25,363803.88,1371.3127,0.1608088
714,197976.0,191096.56,-6879.4375,-0.034748845,190624.66,191568.47,471.90683,0.085399956
715,230806.0,236109.06,5303.0625,0.022976277,235503.53,236714.6,605.5342,0.14106733
716,209586.0,218688.83,9102.828,0.043432426,218025.53,219352.12,663.3003,0.11957911
717,194275.0,216536.23,22261.234,0.114586204,215575.48,217496.98,960.7469,0.20381974
718,269953.0,231958.61,-37994.39,-0.14074446,230901.36,233015.86,1057.2466,0.1466938
719,195740.0,200617.88,4877.875,0.024920175,199933.52,201302.23,684.35925,0.1391626
720,269162.0,284617.06,15455.0625,0.057419185,283771.0,285463.12,846.06757,0.12655117
721,286330.0,293001.66,6671.6562,0.023300584,292059.84,293943.47,941.80145,0.12088809
722,279296.0,338486.72,59190.72,0.21192828,336875.4,340098.03,1611.3225,0.21150123
723,301242.0,256752.67,-44489.33,-0.14768633,255536.38,257968.97,1216.2987,0.14072092
724,249659.0,266087.28,16428.281,0.06580288,265288.97,266885.6,798.3186,0.12584932
725,217532.0,228989.03,11457.031,0.05266826,228481.3,229496.77,507.7377,0.087818675
726,402266.0,420131.2,17865.188,0.04441138,419318.25,420944.12,812.92755,0.07679858
727,173677.0,170935.23,-2741.7656,-0.015786579,170574.44,171296.03,360.801,0.082557514
728,202244.0,209096.1,6852.0938,0.03388033,208386.7,209805.48,709.3955,0.12697007
729,395723.0,372989.1,-22733.906,-0.05744904,371934.06,374044.12,1055.0206,0.0968913
730,265313.0,280586.28,15273.281,0.05756703,279895.72,281276.84,690.5745,0.10336146
731,328641.0,326603.0,-2038.0,-0.0062012956,325781.9,327424.1,821.09973,0.091340445
732,351761.0,286759.5,-65001.5,-0.18478882,285160.6,288358.4,1598.9,0.18359531
733,630984.0,673987.56,43003.562,0.06815317,672810.44,675164.7,1177.1193,0.08188847
734,190101.0,216239.14,26138.14,0.13749607,215473.64,217004.64,765.5053,0.17266603
735,198449.0,208443.66,9994.656,0.050363854,207861.8,209025.52,581.8638,0.11934229
736,181251.0,192780.97,11529.969,0.06361327,192219.97,193341.97,561.004,0.12201878
737,227012.0,228280.44,1268.4375,0.005587535,227475.45,229085.42,804.98584,0.13475488
738,320878.0,307919.53,-12958.469,-0.04038441,307173.88,308665.2,745.6484,0.08607513
739,387258.0,369494.78,-17763.219,-0.04586921,368445.94,370543.62,1048.8414,0.09432622
740,290676.0,265582.1,-25093.906,-0.086329475,264742.3,266421.88,839.78143,0.1032904
741,305916.0,285292.06,-20623.938,-0.067416996,284506.5,286077.62,785.55536,0.09114436
742,299684.0,305257.8,5573.8125,0.018598966,304767.75,305747.88,490.07474,0.06133645
743,141698.0,148143.47,6445.4688,0.045487367,147730.66,148556.28,412.8052,0.115904145
744,288218.0,278355.56,-9862.4375,-0.034218673,277713.47,278997.66,642.1028,0.07949956
745,274395.0,275137.94,742.9375,0.0027075475,274347.34,275928.53,790.6086,0.11690523
746,247232.0,244499.64,-2732.3594,-0.011051803,243975.83,245023.45,523.8178,0.07751947
747,298217.0,300380.84,2163.8438,0.007255937,299845.8,300915.88,535.0376,0.07148253
748,209840.0,203622.84,-6217.1562,-0.02962808,203096.84,204148.84,526.0036,0.087817945
749,172324.0,205400.97,33076.97,0.19194639,204419.08,206382.86,981.8944,0.27198172
750,181266.0,189957.89,8691.891,0.047951024,189323.84,190591.94,634.04156,0.12894596
751,148616.0,165662.03,17046.031,0.11469849,164995.9,166328.16,666.1219,0.17025243
752,186714.0,195258.5,8544.5,0.0457625,194742.72,195774.28,515.7813,0.11079893
753,291686.0,308570.06,16884.062,0.057884376,307735.88,309404.25,834.182,0.11078618
754,260479.0,277860.84,17381.844,0.066730306,277005.66,278716.03,855.1839,0.14966522
755,397294.0,386989.34,-10304.656,-0.025937105,386167.56,387811.12,821.7927,0.07876557
756,628601.0,614421.9,-14179.125,-0.022556638,612672.75,616171.0,1749.1527,0.09823527
757,257681.0,239885.53,-17795.469,-0.06906007,239251.67,240519.39,633.85266,0.09159678
758,181279.0,195143.03,13864.031,0.07647897,194617.5,195668.56,525.52576,0.10721017
759,262351.0,265001.9,2650.9062,0.010104426,264323.56,265680.25,678.357,0.1077827
760,302340.0,275740.84,-26599.156,-0.087977625,274518.38,276963.3,1222.4791,0.1481737
761,331431.0,304235.44,-27195.562,-0.08205497,303329.34,305141.53,906.1042,0.09466136
762,161005.0,161118.84,113.84375,0.0007070821,160671.56,161566.12,447.28085,0.10250596
763,229569.0,239444.83,9875.828,0.043018997,239023.72,239865.94,421.11374,0.06790846
764,148486.0,139353.58,-9132.422,-0.06150359,138972.45,139734.7,381.12134,0.09738722
765,324030.0,333817.53,9787.531,0.030205633,332946.3,334688.75,871.234,0.10298099
766,253089.0,230911.02,-22177.984,-0.08762919,230263.11,231558.92,647.9136,0.09263274
767,225340.0,237003.83,11663.828,0.05176102,236351.81,237655.84,652.01245,0.12945901
768,495118.0,442858.38,-52259.625,-0.10554984,441394.3,444322.44,1464.047,0.09983532
769,522923.0,525345.25,2422.25,0.004632135,524246.8,526443.7,1098.4374,0.088866144
770,175832.0,186051.6,10219.594,0.058121353,185446.11,186657.08,605.4891,0.14360131
771,257717.0,258357.3,640.2969,0.002484496,257706.4,259008.19,650.896,0.09867488
772,147479.0,154795.8,7316.797,0.049612466,154418.73,155172.86,377.0623,0.09809047
773,192757.0,213901.75,21144.75,0.1096964,213214.94,214588.56,686.80853,0.12774539
774,199393.0,201638.6,2245.5938,0.01126215,201252.19,202025.0,386.39856,0.07107409
775,313524.0,305387.44,-8136.5625,-0.025951961,304729.56,306045.3,657.8669,0.07620029
776,176707.0,176180.47,-526.53125,-0.0029796853,175641.6,176719.34,538.8782,0.114566855
777,167415.0,173225.03,5810.0312,0.034704365,172868.55,173581.52,356.4893,0.08035903
778,211323.0,214226.69,2903.6875,0.013740518,213810.47,214642.9,416.2178,0.073182814
779,255277.0,250681.33,-4595.672,-0.018002687,250136.38,251226.28,544.95496,0.10500735
780,236481.0,232422.7,-4058.2969,-0.017161196,231831.73,233013.67,590.96216,0.10606007
781,168309.0,179840.4,11531.406,0.068513304,179332.28,180348.53,508.12924,0.14004472
782,197866.0,215710.97,17844.969,0.09018714,215004.27,216417.67,706.70685,0.20860183
783,258943.0,257389.55,-1553.4531,-0.005999209,256874.4,257904.69,515.13635,0.076079495
784,244147.0,242457.86,-1689.1406,-0.0069185393,241820.95,243094.77,636.9034,0.09141379
785,269361.0,248345.06,-21015.938,-0.07802146,247466.62,249223.5,878.4439,0.11154952
786,117221.0,133714.31,16493.312,0.14070271,133107.8,134320.83,606.50793,0.23869982
787,378727.0,368887.28,-9839.719,-0.025981033,368097.12,369677.44,790.15894,0.08063625
788,653391.0,618055.06,-35335.938,-0.054080844,616532.25,619577.9,1522.8177,0.08556348
789,142016.0,140448.16,-1567.8438,-0.011039909,140069.64,140826.67,378.5098,0.09775285
790,280601.0,288041.06,7440.0625,0.02651474,287327.78,288754.34,713.2904,0.09742883
791,315206.0,277474.2,-37731.812,-0.119705245,276382.06,278566.3,1092.1184,0.1231524
792,255215.0,274758.72,19543.719,0.07657747,274104.7,275412.75,654.018,0.11270298
793,179991.0,193305.61,13314.609,0.07397375,192613.72,193997.5,691.89386,0.1584521
794,120941.0,129581.3,8640.297,0.07144225,129111.41,130051.19,469.8909,0.14243272
795,161760.0,161310.69,-449.3125,-0.002777649,160945.83,161675.55,364.8636,0.081713684
796,278899.0,263815.25,-15083.75,-0.0540832,263169.03,264461.47,646.21704,0.084745795
797,190120.0,179879.17,-10240.828,-0.053865075,179375.75,180382.6,503.4272,0.09487931
798,269081.0,271608.16,2527.1562,0.009391805,270889.28,272327.03,718.8717,0.13616838
799,357445.0,337049.0,-20396.0,-0.05706053,336012.72,338085.28,1036.2961,0.10713399
800,170583.0,192970.56,22387.562,0.13124146,192323.19,193617.94,647.3726,0.15737101
801,206222.0,192705.67,-13516.328,-0.06554261,192120.25,193291.1,585.4146,0.1007515
802,259313.0,242896.14,-16416.86,-0.06330905,242195.17,243597.11,700.96625,0.10066772
803,212338.0,216854.39,4516.3906,0.021269819,216311.19,217397.6,543.2071,0.0996303
804,192167.0,173478.64,-18688.36,-0.09725062,172796.83,174160.45,681.80524,0.12846683
805,201812.0,216661.02,14849.016,0.073578455,216147.33,217174.7,513.68616,0.099008955
806,251099.0,242257.83,-8841.172,-0.035209905,241582.78,242932.88,675.0464,0.091660336
807,369986.0,346575.28,-23410.719,-0.06327461,345412.7,347737.88,1162.5818,0.11588699
808,280032.0,265883.2,-14148.8125,-0.0505257,265156.25,266610.12,726.9412,0.09734479
809,348105.0,365391.2,17286.188,0.04965797,364471.06,366311.3,920.12823,0.104816675
810,217827.0,238183.27,20356.266,0.09345153,237552.05,238814.48,631.2208,0.1084593
811,154823.0,157153.55,2330.5469,0.015052976,156842.72,157464.38,310.8351,0.075296804
812,231275.0,228145.55,-3129.4531,-0.013531308,227345.73,228945.36,799.8115,0.16688189
813,222587.0,216425.34,-6161.6562,-0.027682014,215849.81,217000.88,575.5292,0.0968894
814,313214.0,301269.9,-11944.094,-0.03813397,300635.4,301904.4,634.4981,0.07616413
815,235080.0,238471.83,3391.8281,0.0144283995,237948.69,238994.97,523.1385,0.08343753
816,170570.0,208675.45,38105.453,0.22340068,207595.05,209755.86,1080.4062,0.2628292
817,771808.0,707744.1,-64063.875,-0.08300494,705492.3,709995.94,2251.8394,0.10951757
818,227056.0,220054.72,-7001.2812,-0.030835042,219555.73,220553.7,498.9768,0.080641046
819,218179.0,248257.27,30078.266,0.13786049,247439.42,249075.11,817.8465,0.14440872
820,444786.0,369688.7,-75097.31,-0.1688392,367659.03,371718.34,2029.6567,0.15962948
821,255835.0,256424.03,589.03125,0.0023023873,255769.86,257078.2,654.1742,0.09271693
822,276663.0,277180.3,517.3125,0.001869829,276476.2,277884.44,704.1103,0.10445999
823,223107.0,233521.14,10414.141,0.046677787,233083.2,233959.08,437.93637,0.07813823
824,273367.0,246109.67,-27257.328,-0.09970965,245227.56,246991.78,882.10815,0.1260127
825,188833.0,189432.16,599.15625,0.0031729424,188968.02,189896.3,464.1426,0.089389235
826,321829.0,331716.53,9887.531,0.030722935,330981.94,332451.12,734.5868,0.08643849
827,581657.0,497531.8,-84125.19,-0.14463024,495146.5,499917.12,2385.3032,0.14593545
828,189312.0,225186.7,35874.703,0.18950042,224190.5,226182.9,996.1962,0.2632301
829,210274.0,211596.2,1322.2031,0.006288001,211102.84,212089.56,493.355,0.09496532
830,234810.0,221531.69,-13278.3125,-0.056549177,220871.81,222191.56,659.8808,0.10685031
831,449558.0,436108.6,-13449.406,-0.029916955,435050.88,437166.3,1057.7142,0.08851835
832,248103.0,241526.83,-6576.172,-0.026505813,240959.58,242094.08,567.2462,0.08677063
833,197901.0,204075.48,6174.4844,0.031199865,203639.55,204511.42,435.94247,0.085897066
834,219914.0,216754.8,-3159.2031,-0.01436563,216277.11,217232.48,477.68817,0.08385744
835,198315.0,207482.77,9167.766,0.0462283,206995.55,207969.98,487.22375,0.0960205
836,226274.0,216961.22,-9312.781,-0.041157097,216177.98,217744.45,783.2405,0.15585837
837,147588.0,169813.55,22225.547,0.15059184,169131.69,170495.4,681.8636,0.1766391
838,310000.0,295205.9,-14794.094,-0.047722884,294498.94,295912.88,706.95355,0.08002478
839,138649.0,151618.34,12969.344,0.09354084,151119.25,152117.44,499.10077,0.1673754
840,231633.0,261717.17,30084.172,0.12987861,260822.31,262612.03,894.8657,0.17460276
841,93547.0,112205.14,18658.14,0.19945204,111667.7,112742.58,537.4348,0.19495077
842,753697.0,635730.25,-117966.75,-0.15651748,632416.44,639044.06,3313.826,0.15693612
843,353587.0,337964.94,-15622.0625,-0.044181664,337081.78,338848.1,883.1553,0.09136814
844,148528.0,153029.58,4501.578,0.030307943,152577.06,153482.1,452.51633,0.13115501
845,190050.0,181240.58,-8809.422,-0.04635318,180643.55,181837.61,597.025,0.11836193
846,335699.0,347931.38,12232.375,0.03643852,346995.62,348867.12,935.7371,0.10565466
847,243826.0,263159.16,19333.156,0.07929079,262484.66,263833.66,674.4864,0.10498721
848,259265.0,243074.05,-16190.953,-0.062449437,242177.55,243970.55,896.49603,0.12366444
849,311063.0,294669.22,-16393.781,-0.052702446,293995.66,295342.78,673.5725,0.0797459
850,227967.0,230967.36,3000.3594,0.013161376,230212.12,231722.6,755.2319,0.12287449
851,195704.0,207973.1,12269.094,0.0626921,207461.48,208484.7,511.61072,0.10336978
852,160867.0,165303.55,4436.547,0.027578974,164777.56,165829.53,525.9767,0.1440574
853,360844.0,329387.7,-31456.312,-0.087174274,328390.94,330384.44,996.7374,0.10610884
854,221597.0,241618.0,20021.0,0.0903487,240786.92,242449.08,831.0729,0.15013131
855,225314.0,210098.17,-15215.828,-0.06753166,209503.56,210692.78,594.6064,0.09322047
856,269721.0,260447.28,-9273.719,-0.034382634,259994.8,260899.77,452.49005,0.063026235
857,308541.0,268088.44,-40452.562,-0.1311092,266875.94,269300.94,1212.4972,0.13856001
858,190747.0,188459.27,-2287.7344,-0.0119935535,188057.83,188860.7,401.43723,0.07786334
859,293427.0,269735.1,-23691.906,-0.08074208,268758.97,270711.22,976.12354,0.12187184
860,241402.0,231396.67,-10005.328,-0.04144675,230929.97,231863.38,466.70877,0.07041605
861,144730.0,145451.22,721.21875,0.0049832016,145075.28,145827.16,375.94522,0.10065762
862,307201.0,312323.06,5122.0625,0.016673326,311707.84,312938.28,615.2124,0.07578683
863,349254.0,321928.0,-27326.0,-0.07824105,321148.78,322707.22,779.2244,0.098215
864,166465.0,162891.38,-3573.625,-0.021467727,162536.3,163246.45,355.0796,0.081782
865,294303.0,280515.06,-13787.9375,-0.046849463,279655.56,281374.56,859.5137,0.10684462
866,257304.0,257019.22,-284.78125,-0.0011067891,256452.86,257585.58,566.36597,0.081672944
867,201670.0,192757.27,-8912.734,-0.044194646,192325.19,193189.34,432.0767,0.0960363
868,365607.0,337502.84,-28104.156,-0.07686985,336325.06,338680.62,1177.7817,0.11879559
869,209182.0,215887.56,6705.5625,0.032056116,215160.56,216614.56,726.99255,0.14746259
870,255070.0,259079.16,4009.1562,0.015717866,258428.38,259729.94,650.78815,0.098023094
871,259369.0,244523.38,-14845.625,-0.05723747,243704.97,245341.78,818.4113,0.11316153
872,273203.0,286467.7,13264.6875,0.048552494,285780.38,287155.0,687.29706,0.09534305
873,134260.0,144597.97,10337.969,0.07699962,144163.06,145032.88,434.91382,0.124278836
874,180873.0,192908.95,12035.953,0.06654367,192254.12,193563.78,654.8205,0.13705926
875,178143.0,191358.88,13215.875,0.07418689,190959.52,191758.23,399.3624,0.09682369
876,257556.0,195455.9,-62100.094,-0.24111298,191387.55,199524.27,4068.353,0.32863513
877,247594.0,239120.05,-8473.953,-0.034225196,238443.81,239796.28,676.22797,0.122079834
878,309941.0,294002.25,-15938.75,-0.05142511,293173.97,294830.53,828.2848,0.09611146
879,152373.0,148377.16,-3995.8438,-0.026224094,147993.98,148760.33,383.17828,0.093421295
880,302403.0,281309.53,-21093.469,-0.06975284,280561.22,282057.84,748.318,0.08724353
881,149503.0,166173.58,16670.578,0.11150665,165514.78,166832.38,658.8003,0.194277
882,226104.0,229260.0,3156.0,0.013958178,228811.62,229708.38,448.37802,0.07295172
883,165867.0,184469.36,18602.36,0.11215226,183850.22,185088.5,619.1454,0.14475188
884,230119.0,234303.38,4184.375,0.018183528,233771.12,234835.62,532.2541,0.084759146
885,213375.0,215797.0,2422.0,0.011350908,215024.5,216569.5,772.50146,0.13167064
886,249635.0,243469.02,-6165.9844,-0.024699999,242888.66,244049.38,580.36145,0.08962704
887,257139.0,256212.44,-926.5625,-0.0036033527,255629.69,256795.19,582.74445,0.083496526
888,330665.0,287759.9,-42905.094,-0.12975396,286549.28,288970.53,1210.6096,0.13469604
889,153400.0,157447.98,4047.9844,0.026388425,157153.62,157742.34,294.3523,0.07951773
890,235491.0,229362.88,-6128.125,-0.026022756,228667.06,230058.69,695.8112,0.114304766
891,269986.0,284549.06,14563.0625,0.053940065,283713.53,285384.6,835.54156,0.11945294
892,270968.0,282532.72,11564.719,0.04267928,281903.97,283161.47,628.7463,0.09359851
893,232533.0,236799.22,4266.2188,0.018346723,236280.33,237318.11,518.88403,0.08357035
894,306796.0,286551.62,-20244.375,-0.06598644,285767.44,287335.8,784.183,0.08889512
895,379337.0,345424.1,-33912.906,-0.08940047,344304.88,346543.3,1119.2169,0.10788537
896,266362.0,259616.69,-6745.3125,-0.025323855,259029.73,260203.64,586.9495,0.08211639
897,119960.0,133092.52,13132.516,0.10947412,132638.05,133546.98,454.47186,0.1413332
898,240913.0,235630.98,-5282.0156,-0.021924993,234860.92,236401.05,770.064,0.15510666
899,183387.0,185367.08,1980.0781,0.010797266,184548.53,186185.62,818.5456,0.23936714
900,241521.0,238108.47,-3412.5312,-0.014129336,237399.19,238817.75,709.2755,0.10769399
901,262388.0,255323.4,-7064.5938,-0.026924226,254667.5,255979.31,655.9128,0.08773664
902,147908.0,190099.3,42191.297,0.28525364,188958.98,191239.61,1140.3054,0.28496706
903,446015.0,329791.25,-116223.75,-0.2605826,326650.06,332932.44,3141.1821,0.25811598
904,216925.0,223106.48,6181.4844,0.028495952,222595.6,223617.38,510.89273,0.091702774
905,241804.0,275897.56,34093.562,0.14099668,274873.2,276921.94,1024.3826,0.16329807
906,391803.0,365673.8,-26129.188,-0.0666896,364672.3,366675.3,1001.48444,0.099018835
907,247785.0,248316.17,531.1719,0.0021436806,247678.47,248953.88,637.6961,0.096685275
908,147682.0,151884.17,4202.172,0.028454192,151383.69,152384.66,500.48065,0.13436525
909,360069.0,224585.75,-135483.25,-0.37627023,216787.55,232383.95,7798.2036,0.51588017
910,217513.0,226177.52,8664.516,0.039834473,225600.31,226754.72,577.20776,0.10666806
911,365216.0,353009.62,-12206.375,-0.033422343,352351.1,353668.16,658.51794,0.067317486
912,215611.0,229158.92,13547.922,0.06283502,228512.62,229805.22,646.2962,0.110943034
913,320737.0,295081.34,-25655.656,-0.0799897,294019.72,296142.97,1061.6188,0.117012
914,342881.0,347306.53,4425.5312,0.012906902,346226.75,348386.3,1079.778,0.13406424
915,252667.0,229100.83,-23566.172,-0.09326968,228100.55,230101.11,1000.2813,0.1416449
916,205360.0,206127.69,767.6875,0.0037382524,205437.22,206818.16,690.47546,0.120010145
917,237781.0,241549.4,3768.4062,0.015848223,241018.05,242080.77,531.35626,0.08440449
918,189196.0,190777.08,1581.0781,0.008356826,190318.61,191235.55,458.46933,0.099056065
919,207192.0,207701.88,509.875,0.0024608816,207211.67,208192.08,490.19785,0.09105211
920,233973.0,220903.45,-13069.547,-0.055859208,220362.81,221444.1,540.6466,0.0825392
921,308557.0,326328.7,17771.688,0.057596125,325169.7,327487.7,1158.9929,0.15936482
922,276175.0,269895.6,-6279.4062,-0.022737056,269176.25,270614.94,719.35175,0.0958518
923,197417.0,206285.2,8868.203,0.04492117,205531.84,207038.56,753.3602,0.13703205
924,164800.0,181305.95,16505.953,0.100157484,180679.16,181932.75,626.7933,0.1554942
925,268709.0,259253.19,-9455.8125,-0.03518979,258374.69,260131.69,878.50574,0.121039405
926,267580.0,267400.5,-179.5,-0.0006708274,266513.75,268287.25,886.7614,0.12106194
927,233179.0,231312.3,-1866.7031,-0.008005451,230761.05,231863.55,551.2553,0.08777668
928,287718.0,286873.16,-844.84375,-0.0029363604,286126.28,287620.03,746.8629,0.096259184
929,217770.0,233351.48,15581.484,0.07155019,232832.81,233870.16,518.6644,0.09226531
930,252441.0,260095.94,7654.9375,0.03032367,259340.48,260851.39,755.4467,0.10702519
931,197961.0,166917.56,-31043.438,-0.15681593,166141.03,167694.1,776.5265,0.16260245
932,276557.0,271246.22,-5310.7812,-0.019203207,270529.53,271962.9,716.70105,0.09680327
933,270910.0,271632.06,722.0625,0.0026653225,270837.4,272426.72,794.6608,0.13534696
934,247535.0,251886.1,4351.0938,0.017577691,251328.75,252443.44,557.3431,0.07813158
935,219948.0,219963.73,15.734375,7.153679e-05,219578.67,220348.8,385.06924,0.06774541
936,238908.0,256716.84,17808.844,0.07454269,256048.39,257385.3,668.4576,0.102666065
937,280605.0,272741.84,-7863.1562,-0.028022153,272120.62,273363.06,621.2141,0.080270045
938,353567.0,331913.94,-21653.062,-0.061241753,331172.75,332655.12,741.19763,0.079268426
939,217430.0,235165.84,17735.844,0.081570365,234508.11,235823.58,657.73865,0.118081085
940,280460.0,258910.5,-21549.5,-0.076836266,258051.66,259769.34,858.8439,0.11476056
941,196546.0,192744.31,-3801.6875,-0.019342482,192164.03,193324.6,580.2805,0.1108223
942,239260.0,227114.9,-12145.094,-0.05076107,226422.81,227807.0,692.0911,0.10113913
943,264409.0,253809.67,-10599.328,-0.040086865,253156.1,254463.25,653.57184,0.09280411
944,264242.0,247733.81,-16508.188,-0.062473744,246708.33,248759.3,1025.4897,0.14449237
945,159239.0,171140.42,11901.422,0.07473937,170733.52,171547.33,406.90405,0.10134745
946,159151.0,165448.28,6297.2812,0.039567966,165128.75,165767.81,319.5335,0.07901356
947,281249.0,285328.0,4079.0,0.014503162,284158.72,286497.28,1169.2872,0.16772881
948,363392.0,314539.16,-48852.844,-0.13443565,313374.22,315704.1,1164.9254,0.13220301
949,196939.0,196094.62,-844.375,-0.0042874953,195619.47,196569.78,475.1627,0.09127207
950,218280.0,212573.16,-5706.8438,-0.026144601,212131.58,213014.73,441.57693,0.07313959
951,295062.0,284800.0,-10262.0,-0.03477913,283989.03,285610.97,810.9618,0.094920255
952,224757.0,255940.69,31183.688,0.13874401,254904.44,256976.94,1036.2565,0.16985898
953,195891.0,210219.94,14328.9375,0.073147506,209684.73,210755.14,535.20416,0.11289811
954,241920.0,244552.44,2632.4375,0.010881438,243770.19,245334.69,782.25586,0.12046675
955,184033.0,189790.33,5757.328,0.031284217,189408.22,190172.44,382.1139,0.0800598
956,113876.0,135174.47,21298.469,0.18703212,134518.05,135830.89,656.42456,0.25884795
957,290377.0,273432.62,-16944.375,-0.05835302,272412.38,274452.88,1020.2472,0.13937555
958,139333.0,160750.48,21417.484,0.15371437,160147.44,161353.53,603.04407,0.1561719
959,264766.0,263734.28,-1031.7188,-0.003896719,263131.47,264337.1,602.8026,0.09523376
960,262439.0,248051.78,-14387.219,-0.054821193,247354.56,248749.0,697.2242,0.09695284
961,236795.0,243558.03,6763.0312,0.028560702,243118.02,243998.05,440.0188,0.074366584
962,238607.0,241215.66,2608.6562,0.010932857,240676.44,241754.88,539.22406,0.08593731
963,403883.0,391159.34,-12723.656,-0.031503323,390139.06,392179.62,1020.28033,0.1068938
964,330275.0,330138.7,-136.3125,-0.00041272424,329326.94,330950.44,811.7488,0.09109592
965,291724.0,295562.97,3838.9688,0.013159592,294723.0,296402.94,839.9548,0.117005475
966,171828.0,182910.9,11082.906,0.064500004,182451.3,183370.52,459.60873,0.09904375
967,293197.0,306128.5,12931.5,0.044105157,305102.06,307154.94,1026.4261,0.13644183
968,269057.0,261500.16,-7556.8438,-0.028086405,260883.25,262117.06,616.9121,0.08792423
969,148902.0,140171.69,-8730.3125,-0.058631264,139754.23,140589.14,417.45944,0.10773012
970,102888.0,116260.48,13372.477,0.12997119,115770.7,116750.25,489.772,0.21596599
971,324962.0,302814.56,-22147.438,-0.06815393,301985.0,303644.12,829.56323,0.08959383
972,120757.0,141649.14,20892.14,0.17300977,141054.31,142243.97,594.8323,0.21374398
973,255469.0,255963.77,494.76562,0.0019366953,255169.05,256758.48,794.7141,0.111198746
974,451899.0,418775.0,-33124.0,-0.073299564,417640.97,419909.03,1134.0273,0.09196604
975,273140.0,283355.44,10215.4375,0.037400007,282675.34,284035.53,680.088,0.09725625
976,249084.0,266656.0,17572.0,0.070546485,266029.38,267282.62,626.6169,0.09957812
977,165294.0,172872.33,7578.328,0.04584757,172222.39,173522.27,649.9422,0.14242364
978,268593.0,274585.88,5992.875,0.022312105,273897.66,275274.1,688.21576,0.10409981
979,243519.0,228183.56,-15335.4375,-0.0629743,227457.84,228909.28,725.72375,0.10762355
980,223916.0,254264.64,30348.64,0.13553582,253377.8,255151.48,886.8383,0.1501504
981,261779.0,277977.12,16198.125,0.061877098,277450.72,278503.53,526.4158,0.08167398
982,305885.0,290802.72,-15082.281,-0.04930703,289970.6,291634.84,832.13574,0.09654247
983,303509.0,331754.66,28245.656,0.09306365,330771.8,332737.5,982.8422,0.13631074
984,228152.0,237284.31,9132.3125,0.040027317,236496.77,238071.86,787.5477,0.13299313
985,318144.0,310885.0,-7259.0,-0.022816712,310139.84,311630.16,745.14417,0.08775934
986,181385.0,190559.83,9174.828,0.050582066,190006.48,191113.17,553.3505,0.11490446
987,243745.0,246812.95,3067.9531,0.012586732,245963.86,247662.05,849.08875,0.15247601
988,187473.0,171146.66,-16326.344,-0.08708637,170396.92,171896.39,749.7372,0.14722718
989,200306.0,190716.4,-9589.594,-0.04787472,190222.16,191210.66,494.24744,0.09004715
990,237121.0,249316.3,12195.297,0.05143069,248880.5,249752.1,435.80112,0.07237661
991,214626.0,225394.61,10768.609,0.050173834,224473.33,226315.89,921.2871,0.15897717
992,186623.0,208554.83,21931.828,0.11751943,207871.17,209238.48,683.6617,0.1487178
993,282634.0,267524.03,-15109.969,-0.053461257,266623.56,268424.5,900.4555,0.11877964
994,177037.0,169758.94,-7278.0625,-0.041110404,168994.11,170523.77,764.83405,0.15404971
995,348654.0,328021.34,-20632.656,-0.05917803,327261.16,328781.53,760.18555,0.07976002
996,259294.0,217076.14,-42217.86,-0.16281849,215713.34,218438.94,1362.796,0.17633617
997,183635.0,185186.86,1551.8594,0.008450782,184622.44,185751.28,564.4263,0.116553865
998,170626.0,164398.61,-6227.3906,-0.036497314,163889.28,164907.94,509.32745,0.11381578
999,338367.0,337798.3,-568.6875,-0.0016806825,336805.97,338790.66,992.34155,0.10823265
1000,264542.0,286062.66,21520.656,0.081350625,285300.7,286824.62,761.96246,0.11177959
1001,214010.0,197366.2,-16643.797,-0.07777112,196608.55,198123.86,757.6633,0.1286715
1002,250981.0,241643.88,-9337.125,-0.03720252,241073.28,242214.47,570.58984,0.081813164
1003,246436.0,245782.45,-653.5469,-0.0026519943,244838.98,246725.92,943.47186,0.13626401
1004,206646.0,189767.97,-16878.031,-0.08167606,189200.39,190335.55,567.5769,0.09349614
1005,226143.0,240648.12,14505.125,0.064141385,239936.6,241359.66,711.5314,0.11900029
1006,251301.0,238571.55,-12729.453,-0.050654206,237999.61,239143.48,571.93774,0.08302648
1007,271844.0,260335.62,-11508.375,-0.042334482,259756.73,260914.52,578.885,0.07536839
1008,209473.0,201168.3,-8304.703,-0.039645698,200749.56,201587.03,418.73788,0.07480558
1009,180967.0,187407.98,6440.9844,0.03559204,186929.7,187886.27,478.2871,0.100804225
1010,352014.0,321353.56,-30660.438,-0.08710005,320311.8,322395.3,1041.7482,0.10250968
1011,260605.0,298096.4,37491.406,0.14386296,296883.34,299309.47,1213.0603,0.18402536
1012,210505.0,225990.48,15485.484,0.0735635,225195.86,226785.11,794.6228,0.14643487
1013,131205.0,148308.62,17103.625,0.13035803,147741.64,148875.61,566.98474,0.18156627
1014,373417.0,401512.16,28095.156,0.07523802,399804.88,403219.44,1707.2826,0.22695297
1015,229556.0,240442.16,10886.156,0.04742266,239986.69,240897.62,455.4645,0.0770681
1016,206570.0,192109.27,-14460.734,-0.07000404,191527.89,192690.64,581.37744,0.096005306
1017,233218.0,258657.89,25439.89,0.10908202,257677.97,259637.81,979.9184,0.16058914
1018,411384.0,400814.75,-10569.25,-0.025691932,399981.8,401647.7,832.92456,0.073063806
1019,315901.0,310666.47,-5234.5312,-0.016570164,309524.53,311808.4,1141.9353,0.13371922
1020,317983.0,325838.38,7855.375,0.024703758,324988.53,326688.22,849.8529,0.09959728
1021,353811.0,311134.94,-42676.062,-0.12061825,309830.6,312439.28,1304.3363,0.13767762
1022,260892.0,274138.94,13246.9375,0.05077556,273526.0,274751.88,612.9243,0.098859556
1023,210720.0,219508.27,8788.266,0.04170589,218940.11,220076.42,568.1498,0.105085075
1024,223052.0,228383.86,5331.8594,0.02390411,228011.2,228756.52,372.6576,0.06601171
1025,278053.0,267873.5,-10179.5,-0.036609925,267229.12,268517.88,644.37683,0.08919812
1026,339754.0,351788.44,12034.4375,0.035421032,351008.22,352568.66,780.232,0.09069479
1027,481012.0,499361.03,18349.031,0.038146723,497475.72,501246.34,1885.3195,0.15265389
1028,182330.0,182161.05,-168.95312,-0.0009266337,181575.69,182746.4,585.3614,0.11617317
1029,192879.0,200182.66,7303.6562,0.037866518,199527.67,200837.64,654.98737,0.17648196
1030,132749.0,133549.06,800.0625,0.0060268817,133174.42,133923.7,374.6419,0.10597922
1031,176141.0,179646.88,3505.875,0.0199038,179280.52,180013.23,366.352,0.08136309
1032,334920.0,343010.6,8090.5938,0.024156796,342024.03,343997.16,986.57214,0.13702546
1033,518753.0,505520.12,-13232.875,-0.02550901,504571.16,506469.1,948.95404,0.073085
1034,229451.0,214243.02,-15207.984,-0.06627988,213565.31,214920.72,677.70514,0.110227205
1035,175294.0,179774.86,4480.8594,0.025561966,179341.06,180208.66,433.80298,0.11059739
1036,186402.0,192507.25,6105.25,0.032753136,192091.9,192922.6,415.34006,0.09009982
1037,229658.0,244541.44,14883.4375,0.06480696,243856.56,245226.31,684.8779,0.11818828
1038,214972.0,228945.88,13973.875,0.06500323,228178.16,229713.6,767.71204,0.13155352
1039,294872.0,318878.72,24006.719,0.08141404,317901.38,319856.06,977.35516,0.1260162
1040,315274.0,305442.47,-9831.531,-0.031184085,304757.4,306127.53,685.04755,0.07503878
1041,230700.0,239561.89,8861.891,0.03841305,239086.75,240037.03,475.14685,0.07677744
1042,146997.0,160876.84,13879.844,0.09442263,160327.45,161426.23,549.38696,0.14240178
1043,299540.0,303231.9,3691.9062,0.012325253,302599.53,303864.28,632.3772,0.07981588
1044,220576.0,226470.03,5894.0312,0.02672109,225731.9,227208.16,738.119,0.12391816
1045,384189.0,323130.66,-61058.344,-0.15892789,321644.94,324616.38,1485.7338,0.16527607
1046,334796.0,340577.94,5781.9375,0.017270032,339981.75,341174.12,596.19385,0.06832862
1047,180965.0,176964.55,-4000.4531,-0.022106227,176519.39,177409.7,445.16226,0.08544133
1048,276375.0,269908.62,-6466.375,-0.023397105,269197.88,270619.38,710.7359,0.09048609
1049,140144.0,150262.3,10118.297,0.072199285,149871.98,150652.61,390.3163,0.10246871
1050,262004.0,273029.22,11025.219,0.042080346,272420.62,273637.8,608.6058,0.08821539
1051,298811.0,292393.88,-6417.125,-0.021475531,291564.56,293223.2,829.32806,0.1074769
1052,258203.0,260007.67,1804.6719,0.006989353,259522.44,260492.9,485.22845,0.07317697
1053,309861.0,291632.75,-18228.25,-0.058827184,290853.2,292412.3,779.5505,0.08836219
1054,232580.0,222435.3,-10144.703,-0.043618124,221837.11,223033.48,598.1895,0.09089098
1055,279992.0,289295.84,9303.844,0.033228964,288739.7,289852.0,556.15735,0.07903173
1056,173140.0,172589.66,-550.34375,-0.0031786056,171967.9,173211.4,621.74646,0.1331274
1057,227606.0,239984.55,12378.547,0.054385856,239375.27,240593.83,609.27765,0.102140665
1058,258828.0,256152.16,-2675.8438,-0.010338308,255473.06,256831.25,679.09894,0.103264146
1059,324460.0,316759.88,-7700.125,-0.023732124,316258.94,317260.8,500.92377,0.057185505
1060,267694.0,271426.56,3732.5625,0.013943393,270850.44,272002.7,576.1103,0.0828171
1061,309875.0,286555.88,-23319.125,-0.07525333,285784.66,287327.1,771.21173,0.08888702
1062,229903.0,233684.89,3781.8906,0.01644994,233248.48,234121.3,436.40558,0.0738098
1063,162110.0,174458.86,12348.859,0.0761758,174035.83,174881.89,423.0332,0.10614824
1064,354875.0,340107.47,-14767.531,-0.041613333,339426.78,340788.16,680.6869,0.07027467
1065,159356.0,157842.47,-1513.5312,-0.009497799,157491.52,158193.42,350.95566,0.086664714
1066,352903.0,400841.72,47938.72,0.13584106,399070.44,402613.0,1771.2721,0.1833819
1067,230319.0,223403.7,-6915.297,-0.030024866,223026.47,223780.94,377.24084,0.060209952
1068,171934.0,181899.98,9965.984,0.057964012,181378.94,182421.03,521.0413,0.11309131
1069,230402.0,247869.08,17467.078,0.07581131,246980.81,248757.34,888.2706,0.16584264
1070,266375.0,258581.94,-7793.0625,-0.029255982,257927.05,259236.83,654.8857,0.09134248
1071,223054.0,218360.25,-4693.75,-0.02104311,217817.27,218903.23,542.9854,0.08915989
1072,260419.0,256435.22,-3983.7812,-0.015297583,255935.38,256935.06,499.83966,0.06987602
1073,335562.0,296413.8,-39148.188,-0.116664544,294710.5,298117.12,1703.2971,0.18275747
1074,187347.0,196146.33,8799.328,0.046968076,195562.56,196730.1,583.7712,0.12778184
1075,428565.0,378312.0,-50253.0,-0.11725876,376761.66,379862.34,1550.3575,0.13348137
1076,143608.0,146073.5,2465.5,0.017168263,145541.62,146605.38,531.8695,0.14031495
1077,160009.0,164251.38,4242.375,0.026513353,163935.73,164567.02,315.6429,0.07472382
1078,279320.0,256017.77,-23302.234,-0.083424866,255009.4,257026.12,1008.35614,0.12939927
1079,312138.0,316877.6,4739.5938,0.01518429,315986.4,317768.78,891.20197,0.112393305
1080,403138.0,353351.84,-49786.156,-0.12349656,351981.66,354722.03,1370.1738,0.12310372
1081,279273.0,227632.69,-51640.312,-0.18490979,226216.53,229048.84,1416.1571,0.22161146
1082,241249.0,247709.47,6460.4688,0.026779257,247105.62,248313.31,603.8493,0.10257314
1083,212256.0,217158.5,4902.5,0.023097109,216630.34,217686.66,528.1582,0.09928349
1084,230523.0,231757.2,1234.2031,0.005353926,231061.25,232453.16,695.9585,0.11155675
1085,261491.0,260811.6,-679.40625,-0.0025982014,260268.75,261354.44,542.84436,0.08944527
1086,217012.0,239966.44,22954.438,0.10577497,239176.19,240756.69,790.2515,0.16457881
1087,244876.0,235936.17,-8939.828,-0.036507573,235393.81,236478.53,542.361,0.082207195
1088,181769.0,199086.77,17317.766,0.09527348,198358.44,199815.1,728.3307,0.15334702
1089,384199.0,372934.84,-11264.156,-0.029318547,372366.66,373503.03,568.1756,0.053136695
1090,239422.0,238890.19,-531.8125,-0.0022212348,238290.64,239489.73,599.5457,0.107830994
1091,323283.0,303737.22,-19545.781,-0.06046028,302875.66,304598.78,861.5525,0.09585098
1092,462367.0,439027.38,-23339.625,-0.05047857,437928.56,440126.2,1098.8004,0.08258641
1093,313989.0,319254.7,5265.6875,0.016770292,318468.25,320041.12,786.4476,0.09857742
1094,183059.0,195214.0,12155.0,0.06639936,194707.17,195720.83,506.82254,0.11219808
1095,171925.0,169313.72,-2611.2812,-0.015188491,168829.83,169797.61,483.89334,0.102998674
1096,217158.0,216686.25,-471.75,-0.0021723814,216224.39,217148.11,461.86435,0.076538056
1097,459885.0,441287.3,-18597.688,-0.040439866,440562.9,442011.72,724.42126,0.06426764
1098,188397.0,190811.14,2414.1406,0.012814114,190403.67,191218.61,407.46713,0.09096731
1099,357467.0,331304.97,-26162.031,-0.07318726,330272.03,332337.9,1032.9247,0.12159307
1100,183897.0,180732.52,-3164.4844,-0.017207917,180165.8,181299.23,566.72003,0.11336605
1101,377516.0,361738.66,-15777.344,-0.041792516,360993.03,362484.28,745.6323,0.06992099
1102,254267.0,257636.39,3369.3906,0.0132513875,257109.22,258163.56,527.16565,0.08009381
1103,217980.0,205456.44,-12523.5625,-0.057452805,204883.4,206029.47,573.03357,0.095807046
1104,206505.0,200231.4,-6273.5938,-0.030379863,199639.89,200822.92,591.5159,0.107599944
1105,188094.0,194404.66,6310.6562,0.033550546,193951.86,194857.45,452.79965,0.08859149
1106,186960.0,191342.06,4382.0625,0.023438502,190900.47,191783.66,441.59885,0.09881527
1107,233570.0,226693.84,-6876.1562,-0.02943938,225830.92,227556.77,862.929,0.13245863
1108,216264.0,204611.73,-11652.266,-0.05387982,204020.72,205202.75,591.0119,0.10495657
1109,179198.0,187930.14,8732.141,0.048729006,187319.3,188540.98,610.8423,0.12957047
1110,164859.0,178018.25,13159.25,0.079821244,177604.53,178431.97,413.72055,0.09762297
1111,173854.0,184384.73,10530.734,0.060572285,183705.05,185064.42,679.68317,0.1525409
1112,319237.0,341137.84,21900.844,0.06860372,340131.6,342144.1,1006.2386,0.12311976
1113,243427.0,249598.69,6171.6875,0.02535334,249041.62,250155.75,557.0575,0.08724447
1114,842724.0,788804.06,-53919.938,-0.06398291,786850.0,790758.1,1954.054,0.084506355
1115,258274.0,257089.98,-1184.0156,-0.004584339,256502.92,257677.05,587.06433,0.081755675
