store,predictions,worst_scenario,best_scenario
1,169443.64,169126.31,169760.97
2,179460.02,179017.02,179903.02
3,270797.22,270078.38,271516.06
4,353223.06,352472.38,353973.75
5,167037.98,166713.66,167362.31
6,185833.86,185290.77,186376.95
7,337357.25,336409.25,338305.25
8,209055.62,208264.17,209847.08
9,268202.72,267587.75,268817.7
10,207772.27,207120.12,208424.4
11,285254.7,284627.06,285882.3
12,282444.2,281686.0,283202.38
13,189578.4,188803.16,190353.66
14,200330.1,199769.73,200890.45
15,257193.98,256619.06,257768.9
16,282781.16,282083.25,283479.06
17,232479.97,231886.39,233073.55
18,257769.05,257158.75,258379.34
19,241523.89,241040.58,242007.2
20,303680.97,302514.6,304847.34
21,203549.67,202912.6,204186.75
22,177748.64,177286.17,178211.11
23,215339.33,214794.36,215884.3
24,357182.4,356266.9,358097.9
25,388669.12,387557.53,389780.72
26,252868.95,252280.97,253456.94
27,353661.62,352636.3,354686.94
28,167353.38,166776.06,167930.69
29,275156.88,274323.28,275990.47
30,178013.03,177168.17,178857.89
31,221842.23,221433.81,222250.66
32,155242.81,154856.97,155628.66
33,306059.9,305245.9,306873.9
34,297744.4,297184.56,298304.25
35,401873.12,400489.12,403257.12
36,343410.4,342352.25,344468.56
37,240632.84,240110.05,241155.64
38,217704.77,217076.03,218333.5
39,187013.22,186494.47,187531.97
40,174217.88,173563.48,174872.27
41,225892.69,225213.48,226571.89
42,370317.75,369294.25,371341.25
43,241884.33,241161.38,242607.28
44,203791.19,203316.11,204266.27
45,195842.34,195302.9,196381.78
46,197482.2,196804.02,198160.39
47,275874.03,275216.97,276531.1
48,145726.66,145167.48,146285.83
49,269923.62,269316.84,270530.4
50,160479.98,160089.23,160870.73
51,259229.72,258409.05,260050.39
52,248647.64,248119.47,249175.81
53,201955.02,201583.72,202326.31
54,286702.16,286119.72,287284.6
55,182716.5,182243.48,183189.52
56,280905.6,280047.84,281763.34
57,325567.66,324710.8,326424.5
58,250069.56,249090.11,251049.02
59,204091.03,203423.0,204759.06
60,289119.5,287526.5,290712.5
61,187693.44,187024.64,188362.23
62,241782.45,241169.98,242394.92
63,250630.11,249745.42,251514.8
64,428249.7,427351.16,429148.22
65,195600.39,195167.22,196033.56
66,230136.8,229554.38,230719.22
67,286939.47,286137.88,287741.06
68,278549.0,277479.4,279618.6
69,343731.72,342913.7,344549.75
70,255446.08,254937.22,255954.94
71,349171.06,348174.3,350167.8
72,158185.17,157650.25,158720.1
73,176557.03,176162.83,176951.23
74,241738.02,240896.55,242579.48
75,230556.11,230026.0,231086.22
76,352598.2,351788.16,353408.22
77,288038.6,287343.9,288733.28
78,142205.28,141908.92,142501.64
79,205503.14,205031.88,205974.4
80,287320.7,286673.97,287967.4
81,267423.2,266616.97,268229.4
82,351679.75,350826.9,352532.6
83,159516.2,158810.78,160221.62
84,435257.3,433829.47,436685.16
85,315620.4,315022.34,316218.47
86,181569.73,180875.34,182264.12
87,226681.66,226156.6,227206.72
88,214649.73,213873.33,215426.14
89,239352.92,238743.97,239961.88
90,296102.75,295328.2,296877.3
91,192949.6,192310.55,193588.64
92,221686.23,221161.84,222210.62
93,235007.0,234279.03,235734.97
94,268179.03,267672.72,268685.34
95,256457.78,255976.25,256939.31
96,186893.23,186291.55,187494.92
97,263755.3,263044.78,264465.84
98,202451.12,201990.33,202911.92
99,209677.64,209144.05,210211.23
100,303317.12,302610.75,304023.5
101,280597.4,279908.88,281285.94
102,269923.44,268985.38,270861.5
103,214735.1,213624.78,215845.4
104,370970.25,369846.88,372093.62
105,184987.45,184508.48,185466.42
106,301233.9,300227.78,302240.03
107,279498.0,278810.3,280185.7
108,416154.4,414917.06,417391.75
109,243508.78,243036.88,243980.69
110,182342.81,181915.72,182769.9
111,250834.08,250363.53,251304.62
112,230889.84,230144.45,231635.23
113,242983.12,242128.58,243837.67
114,207891.94,207350.0,208433.88
115,286693.88,285907.3,287480.44
116,260641.22,260016.52,261265.92
117,151607.36,151069.73,152144.98
118,271881.66,270744.47,273018.84
119,230297.89,229852.78,230743.0
120,251635.62,250804.0,252467.25
121,170910.0,170340.67,171479.33
122,303708.75,302529.78,304887.72
123,291476.84,290737.88,292215.8
124,176928.25,176298.4,177558.1
125,404076.56,402805.7,405347.44
126,209811.88,209251.28,210372.47
127,201859.5,201152.38,202566.62
128,294799.44,293974.38,295624.5
129,313528.88,312684.1,314373.66
130,189690.45,189076.98,190303.92
131,193841.36,193224.72,194458.0
132,245268.95,244240.08,246297.83
133,237744.86,237066.14,238423.58
134,185157.12,184560.7,185753.55
135,240979.73,240328.52,241630.95
136,218490.6,217800.06,219181.12
137,302829.0,302068.4,303589.6
138,277320.38,276747.0,277893.75
139,246587.53,245758.39,247416.67
140,271534.44,270970.47,272098.4
141,215183.72,214628.16,215739.28
142,180488.88,179858.78,181118.97
143,228843.86,228268.03,229419.69
144,303414.94,302512.88,304317.0
145,291103.0,290555.03,291650.97
146,310500.1,309805.22,311194.97
147,313380.7,312714.56,314046.8
148,308141.7,307387.25,308896.12
149,204440.25,203645.75,205234.75
150,314019.03,313351.0,314687.06
151,259801.17,259258.7,260343.64
152,223673.45,222988.47,224358.44
153,259771.75,258738.39,260805.11
154,324466.62,323740.3,325192.94
155,256221.14,255277.1,257165.19
156,240707.31,239944.11,241470.52
157,346398.94,345606.66,347191.22
158,314600.34,313781.8,315418.88
159,293653.6,293069.16,294238.03
160,222983.23,222476.72,223489.75
161,275768.97,275034.5,276503.44
162,281442.03,280657.16,282226.9
163,265466.78,264538.66,266394.9
164,228120.31,227381.44,228859.19
165,161761.88,161170.98,162352.77
166,219951.52,219264.25,220638.78
167,312829.88,311594.75,314065.0
168,281989.03,281440.44,282537.62
169,237745.72,237074.58,238416.86
170,192580.84,191465.48,193696.2
171,297429.25,296802.03,298056.47
172,261712.84,260976.88,262448.8
173,298461.6,297835.03,299088.16
174,235087.19,233985.75,236188.62
175,234742.73,234210.67,235274.8
176,205497.38,204802.66,206192.1
177,148824.02,148348.22,149299.81
178,335826.22,334681.0,336971.44
179,276253.97,275456.22,277051.72
180,264514.7,263988.06,265041.3
181,242608.23,241942.03,243274.44
182,208021.17,207536.47,208505.88
183,182912.33,181553.86,184270.8
184,259271.1,258575.12,259967.06
185,243389.16,242757.3,244021.02
186,150486.7,150122.58,150850.83
187,230656.92,230202.92,231110.92
188,182121.66,181377.4,182865.9
189,292284.72,291615.56,292953.88
190,268473.94,267736.03,269211.84
191,248302.64,247712.58,248892.7
192,389321.78,386615.03,392028.53
193,216061.81,215305.12,216818.5
194,197646.2,197189.64,198102.77
195,399224.97,398247.53,400202.4
196,184207.03,183600.19,184813.88
197,234115.9,233540.5,234691.31
198,98596.45,98131.72,99061.19
199,290575.38,289923.62,291227.12
200,296897.47,295949.53,297845.4
201,204223.75,203728.11,204719.39
202,237225.16,236777.62,237672.69
203,250645.53,250020.61,251270.45
204,215642.84,215193.2,216092.48
205,237301.1,236829.55,237772.64
206,272356.44,271401.94,273310.94
207,398535.9,397783.88,399287.94
208,109887.75,109620.43,110155.07
209,238902.1,238111.39,239692.8
210,124607.9,124195.11,125020.69
211,479227.16,477783.47,480670.84
212,184730.23,184135.17,185325.3
213,306663.78,305870.7,307456.88
214,330055.9,329179.75,330932.06
215,237611.39,236942.73,238280.05
216,276591.9,275707.38,277476.44
217,190298.78,189874.45,190723.11
218,185099.5,184607.86,185591.14
219,118420.39,118103.375,118737.41
220,182627.0,182029.75,183224.25
221,219130.28,218627.98,219632.58
222,186644.6,186261.97,187027.22
223,271090.06,270309.0,271871.12
224,269393.7,268778.3,270009.06
225,225918.73,225199.06,226638.4
226,262409.03,261777.86,263040.22
227,242300.39,241708.6,242892.19
228,311765.34,311185.03,312345.66
229,329036.53,328466.66,329606.4
230,280380.1,279642.4,281117.78
231,186633.92,186109.23,187158.61
232,143356.52,143027.42,143685.61
233,363879.84,363102.22,364657.47
234,401150.03,399921.34,402378.72
235,215887.17,215195.34,216579.0
236,246858.28,246032.67,247683.89
237,179497.81,178837.16,180158.47
238,289376.3,288506.84,290245.78
239,199085.36,198661.23,199509.48
240,192175.5,191634.86,192716.14
241,254922.77,254338.06,255507.47
242,150089.61,149641.77,150537.45
243,255234.78,254613.28,255856.28
244,196653.03,195814.67,197491.39
245,328018.4,327067.66,328969.16
246,262252.8,261700.95,262804.7
247,322439.84,321682.5,323197.2
248,333193.72,332088.97,334298.47
249,220529.81,219907.6,221152.03
250,320069.47,319376.6,320762.34
251,671710.1,670185.1,673235.1
252,384078.06,383262.8,384893.3
253,214758.17,214108.31,215408.03
254,125717.58,125309.08,126126.08
255,233849.6,233435.78,234263.4
256,342627.72,341315.0,343940.44
257,203042.06,202353.31,203730.81
258,221534.42,220849.97,222218.88
259,547148.25,546335.56,547960.94
260,234825.38,234034.47,235616.28
261,400524.1,398816.47,402231.72
262,841452.9,839552.3,843353.44
263,170043.12,169599.98,170486.27
264,241679.84,241162.34,242197.34
265,215142.98,214406.88,215879.1
266,159534.81,158919.12,160150.5
267,311986.25,310595.72,313376.78
268,191270.97,190647.45,191894.48
269,314837.66,313745.47,315929.84
270,318383.53,316938.0,319829.06
271,270025.12,268626.38,271423.88
272,236143.34,235701.22,236585.47
273,275825.84,275282.34,276369.34
274,192733.78,191323.6,194143.97
275,235921.36,235270.55,236572.17
276,164725.0,163908.22,165541.78
277,241905.97,241358.75,242453.19
278,263835.94,263201.97,264469.9
279,342459.1,340761.72,344156.47
280,233200.42,232789.33,233611.52
281,232338.1,231901.94,232774.25
282,170501.16,170110.97,170891.34
283,281237.56,280381.12,282094.0
284,210838.02,210248.83,211427.2
285,209978.64,209079.4,210877.88
286,164656.53,163870.34,165442.72
287,313005.0,312454.66,313555.34
288,210526.9,209910.81,211143.0
289,230695.39,230069.31,231321.47
290,254010.67,253412.5,254608.84
291,306926.56,306228.34,307624.78
292,109354.0,105983.44,112724.56
293,232089.92,231582.42,232597.42
294,207203.19,206387.88,208018.5
295,210574.66,209873.45,211275.86
296,262685.06,262141.1,263229.03
297,256109.64,255582.0,256637.28
298,315168.28,314458.16,315878.4
299,286803.9,285067.47,288540.34
300,267587.25,266766.62,268407.88
301,215759.94,215222.19,216297.69
302,144098.89,143688.64,144509.14
303,242267.27,241626.64,242907.89
304,250821.7,250190.95,251452.45
305,213419.03,212743.64,214094.42
306,179643.17,179158.97,180127.38
307,103751.79,103492.016,104011.56
308,318060.5,317182.6,318938.4
309,266286.44,265613.4,266959.47
310,328616.28,327494.12,329738.44
311,261119.62,260673.6,261565.66
312,214571.67,213973.28,215170.06
313,257126.6,256351.89,257901.3
314,193834.64,193330.3,194338.98
315,170482.9,170115.22,170850.6
316,349607.97,348702.12,350513.8
317,203198.27,202566.47,203830.06
318,280372.72,279563.53,281181.9
319,276253.9,275666.97,276840.84
320,530554.3,529252.5,531856.1
321,229404.84,228997.14,229812.55
322,189591.88,189034.31,190149.44
323,276469.12,276013.88,276924.38
324,211844.42,210889.97,212798.88
325,244040.42,243126.95,244953.89
326,209637.0,209127.98,210146.02
327,288986.94,288215.62,289758.25
328,176248.1,175772.38,176723.81
329,254673.33,254093.86,255252.8
330,166359.02,165606.03,167112.0
331,211613.45,211151.95,212074.95
332,143760.78,143323.02,144198.55
333,344412.8,343430.4,345395.22
334,215207.52,214370.19,216044.84
335,539679.4,538059.5,541299.25
336,417656.4,415353.0,419959.8
337,208117.53,207717.12,208517.94
338,253899.16,253295.23,254503.08
339,196321.1,195758.3,196883.89
340,255324.4,254731.06,255917.75
341,216131.67,215583.72,216679.62
342,392850.25,391730.78,393969.72
343,265392.2,264524.25,266260.12
344,306618.94,305358.03,307879.84
345,194809.28,193874.48,195744.08
346,259663.03,259020.5,260305.56
347,199095.69,198619.44,199571.94
348,313823.47,312543.9,315103.03
349,315366.12,314612.38,316119.88
350,263755.0,263096.47,264413.53
351,238398.0,237694.8,239101.2
352,262061.23,261532.33,262590.12
353,269350.12,268625.0,270075.25
354,305843.22,305167.47,306518.97
355,326852.5,326126.75,327578.25
356,237056.88,236555.7,237558.05
357,275836.1,275090.75,276581.44
358,372787.88,372098.0,373477.75
359,272788.25,271907.34,273669.16
360,252408.44,251979.36,252837.52
361,238536.8,237957.36,239116.23
362,359206.72,358414.22,359999.22
363,263570.6,263000.1,264141.1
364,183751.4,183263.9,184238.9
365,199456.38,198941.64,199971.11
366,236160.34,235369.72,236950.97
367,209736.33,209161.47,210311.19
368,348584.78,347533.25,349636.3
369,259125.34,258394.73,259855.95
370,297970.22,297199.06,298741.38
371,274396.34,273443.44,275349.25
372,313851.44,312756.2,314946.7
373,200140.48,199393.86,200887.11
374,258369.45,257802.36,258936.55
375,337520.2,336511.38,338529.0
376,287964.2,287350.8,288577.56
377,300615.3,299897.56,301333.06
378,252956.33,252339.19,253573.47
379,158181.66,157811.42,158551.89
380,516966.75,515582.1,518351.4
381,327676.22,326975.75,328376.7
382,301123.06,300507.03,301739.1
383,647765.6,646444.1,649087.1
384,325619.97,324473.06,326766.88
385,280783.75,279964.7,281602.8
386,259535.12,258962.77,260107.48
387,332314.75,331351.2,333278.3
388,388792.2,387883.88,389700.5
389,382001.3,380996.84,383005.78
390,426199.78,425230.1,427169.47
391,211992.19,211273.4,212710.97
392,265753.75,265026.3,266481.2
393,231719.73,231146.62,232292.84
394,310727.47,310070.75,311384.2
395,155027.12,154573.47,155480.78
396,377282.2,376632.34,377932.03
397,211635.42,211190.92,212079.92
398,195836.89,195251.81,196421.97
399,214223.42,213546.56,214900.28
400,319235.62,318403.16,320068.1
401,259580.12,258583.08,260577.17
402,212498.42,211810.03,213186.81
403,256456.33,255638.28,257274.38
404,178860.6,178289.98,179431.2
405,173226.12,172675.4,173776.84
406,244112.97,243289.6,244936.34
407,150597.23,150027.81,151166.66
408,178696.73,178241.81,179151.66
409,218041.81,217335.95,218747.67
410,236662.61,236181.05,237144.17
411,337286.62,336456.75,338116.5
412,326469.72,325208.12,327731.3
413,283384.72,282620.75,284148.7
414,250026.05,249460.72,250591.38
415,248656.42,248148.8,249164.05
416,362480.97,360909.44,364052.5
417,266434.5,265497.53,267371.47
418,191641.48,191144.48,192138.48
419,208994.0,208299.05,209688.95
420,191390.75,190792.78,191988.72
421,331565.53,330191.12,332939.94
422,188729.33,187948.6,189510.06
423,420417.2,418147.16,422687.22
424,259596.73,258768.17,260425.3
425,141573.38,140910.16,142236.6
426,190665.03,190199.89,191130.17
427,289941.72,288694.56,291188.88
428,220420.72,219564.25,221277.19
429,218794.86,218109.7,219480.02
430,317966.53,317246.53,318686.53
431,331807.9,330938.38,332677.44
432,381492.75,380069.44,382916.06
433,224112.61,223587.39,224637.83
434,363453.7,362415.0,364492.38
435,134898.95,134232.75,135565.16
436,213011.69,212537.55,213485.83
437,263449.7,262313.62,264585.75
438,223953.86,223105.05,224802.67
439,257767.2,257237.66,258296.75
440,196156.19,195589.27,196723.11
441,235355.8,234792.98,235918.61
442,166291.19,165872.55,166709.83
443,202521.39,201985.7,203057.08
444,415966.62,414643.03,417290.22
445,289350.6,288093.34,290607.84
446,186938.45,186324.98,187551.92
447,226891.75,226006.23,227777.27
448,309124.94,308339.6,309910.28
449,379722.16,378779.56,380664.75
450,323217.8,321931.25,324504.38
451,207595.39,206970.78,208220.0
452,180910.94,180515.39,181306.48
453,410844.22,409637.6,412050.84
454,212991.0,212501.61,213480.39
455,270247.2,269083.06,271411.3
456,239478.42,238656.64,240300.2
457,200440.23,199930.7,200949.77
458,274969.66,273925.16,276014.16
459,325801.44,324964.75,326638.12
460,142797.81,142448.4,143147.22
461,192265.34,191635.5,192895.19
462,182201.0,181630.39,182771.61
463,241570.9,240715.9,242425.9
464,346879.62,345516.22,348243.03
465,298201.0,297521.44,298880.56
466,281932.25,281208.66,282655.84
467,488799.3,487224.53,490374.1
468,241841.47,240962.31,242720.62
469,400158.44,399097.28,401219.6
470,434110.16,433182.66,435037.66
471,256740.61,256158.58,257322.64
472,211947.36,211423.64,212471.08
473,136518.53,136081.9,136955.16
474,271179.3,270612.8,271745.8
475,244730.12,243804.11,245656.14
476,218234.58,217697.08,218772.08
477,231444.27,230799.66,232088.88
478,246186.88,245475.2,246898.55
479,413340.6,412337.66,414343.53
480,183754.95,183280.9,184229.0
481,205316.86,204763.81,205869.9
482,285270.5,284624.2,285916.8
483,182350.72,181589.0,183112.44
484,277672.7,276419.38,278926.0
485,210698.03,210182.47,211213.6
486,162899.14,162470.45,163327.83
487,253710.28,253120.64,254299.92
488,160732.78,160080.53,161385.03
489,264393.88,263615.53,265172.22
490,285415.16,284742.75,286087.56
491,260485.77,259926.67,261044.86
492,280983.97,280251.06,281716.88
493,292167.22,291145.53,293188.9
494,360343.56,359416.2,361270.94
495,199519.66,199052.39,199986.92
496,261204.78,260452.2,261957.36
497,299717.56,298943.06,300492.06
498,244328.75,243573.36,245084.14
499,214956.6,214529.31,215383.88
500,223807.03,223192.03,224422.03
501,217957.55,216936.16,218978.94
502,402996.88,401862.3,404131.44
503,265504.0,264775.78,266232.22
504,257722.94,257123.61,258322.27
505,190884.73,190371.22,191398.25
506,226617.48,225683.72,227551.25
507,317118.5,316096.16,318140.84
508,265471.9,264797.06,266146.75
509,233890.48,233315.86,234465.11
510,291244.5,290630.03,291858.97
511,224962.48,224217.03,225707.94
512,258148.84,257317.75,258979.94
513,550917.9,548651.94,553183.8
514,231043.52,230328.28,231758.75
515,329161.5,328507.84,329815.16
516,229971.66,229266.45,230676.86
517,219995.89,219336.47,220655.31
518,224077.17,223149.47,225004.88
519,200731.8,200222.86,201240.73
520,155958.77,155555.12,156362.4
521,195076.98,194629.23,195524.73
522,312643.88,311693.22,313594.53
523,509703.3,508706.5,510700.12
524,328599.9,328143.78,329056.03
525,365195.62,364384.44,366006.8
526,392025.84,391032.22,393019.47
527,390244.78,389321.3,391168.25
528,407771.28,406820.03,408722.53
529,293599.4,293050.5,294148.3
530,227505.77,225804.22,229207.31
531,214525.47,213781.77,215269.17
532,406295.6,405224.38,407366.8
533,363455.97,362373.47,364538.47
534,276007.94,274581.94,277433.94
535,299142.44,298383.25,299901.62
536,314123.5,313238.56,315008.44
537,220366.72,219773.06,220960.38
538,150372.4,149911.12,150833.69
539,376349.1,374793.8,377904.38
540,254598.58,253867.58,255329.58
541,248505.42,247826.58,249184.27
542,230981.92,230392.78,231571.06
543,109200.16,108757.336,109642.98
544,496477.28,495482.62,497471.94
545,388548.0,387606.7,389489.3
546,532585.9,531065.3,534106.44
547,228650.11,227964.55,229335.67
548,196689.17,196120.0,197258.34
549,180401.84,179930.16,180873.53
550,211614.73,211010.69,212218.78
551,230179.31,229345.17,231013.45
552,271324.84,270310.3,272339.38
553,252573.97,251417.39,253730.55
554,192523.38,191841.06,193205.69
555,173296.56,172877.44,173715.69
556,236761.16,235794.61,237727.7
557,162381.34,161806.58,162956.11
558,123854.94,123551.055,124158.82
559,217558.3,216793.06,218323.53
560,465814.4,463784.1,467844.72
561,274166.38,273494.34,274838.4
562,749445.3,748377.4,750513.25
563,184415.11,183581.8,185248.42
564,214937.84,214510.62,215365.06
565,245844.66,245394.75,246294.56
566,184721.61,184138.45,185304.77
567,183246.11,182680.98,183811.23
568,207588.6,207082.52,208094.67
569,176170.39,175558.27,176782.52
570,162279.14,161747.36,162810.92
571,299528.72,298728.75,300328.7
572,267386.47,266631.97,268140.97
573,162892.78,162324.69,163460.88
574,316329.03,315382.16,317275.9
575,188829.86,187825.39,189834.33
576,251302.08,250758.86,251845.3
577,186764.11,186283.17,187245.05
578,334134.47,331544.5,336724.44
579,300253.6,299439.53,301067.66
580,361289.16,360440.72,362137.6
581,204517.14,203785.55,205248.73
582,237102.89,236561.28,237644.5
583,168385.44,167998.64,168772.23
584,177419.64,176930.39,177908.89
585,214476.4,213556.0,215396.81
586,525095.9,523550.9,526640.8
587,362970.62,361486.53,364454.72
588,235206.7,234760.58,235652.83
589,178819.25,178185.05,179453.45
590,212900.69,212244.73,213556.64
591,215171.38,214587.2,215755.55
592,171766.5,171172.23,172360.77
593,356069.9,355323.9,356815.9
594,164216.61,163796.75,164636.47
595,380467.12,376446.97,384487.28
596,162984.23,162292.56,163675.9
597,197517.58,196946.97,198088.19
598,219718.61,219229.19,220208.03
599,333264.66,332277.6,334251.72
600,278705.9,278232.44,279179.38
601,188342.47,187877.25,188807.69
602,228181.45,227616.88,228746.03
603,254721.8,254078.55,255365.05
604,283108.12,282306.06,283910.2
605,268841.38,268058.66,269624.1
606,211339.84,210942.11,211737.58
607,147797.69,147239.45,148355.92
608,356620.84,355590.53,357651.16
609,181106.31,180673.52,181539.11
610,155502.12,155157.8,155846.45
611,229822.92,229131.48,230514.36
612,254417.88,253446.66,255389.1
613,261462.33,260477.78,262446.88
614,240947.89,240243.1,241652.69
615,344843.47,344218.44,345468.5
616,295349.0,294760.25,295937.75
617,245157.58,244427.48,245887.67
618,263573.66,263005.53,264141.78
619,165279.44,164835.33,165723.55
620,289135.84,288062.1,290209.6
621,213430.53,212938.75,213922.31
622,168150.67,167864.83,168436.52
623,254804.42,253994.4,255614.44
624,267425.25,266706.9,268143.6
625,235103.9,234487.84,235719.97
626,313807.16,312694.44,314919.88
627,250750.56,250045.12,251456.0
628,241960.44,241065.3,242855.58
629,238629.62,237931.03,239328.22
630,206966.97,206172.48,207761.45
631,224708.6,224085.4,225331.78
632,254394.56,253570.3,255218.83
633,278123.66,277144.47,279102.84
634,255298.22,254556.7,256039.73
635,209353.06,208893.6,209812.53
636,207343.75,205848.58,208838.92
637,321576.3,320611.38,322541.25
638,231667.8,231195.62,232139.97
639,188413.53,187566.55,189260.52
640,409125.38,408108.88,410141.88
641,221225.03,220344.38,222105.69
642,141683.02,141024.52,142341.52
643,291296.28,290746.1,291846.47
644,342554.62,341456.38,343652.88
645,393263.47,392141.5,394385.44
646,191617.28,191126.56,192108.0
647,231261.3,230665.77,231856.83
648,241777.9,241261.95,242293.86
649,140724.58,140278.05,141171.11
650,234153.98,233592.42,234715.55
651,277973.06,277234.28,278711.84
652,255310.06,254760.62,255859.5
653,215516.17,214997.08,216035.27
654,224888.81,223693.77,226083.86
655,300091.16,299381.47,300800.84
656,122971.77,122643.88,123299.664
657,227788.83,226714.06,228863.6
658,215446.22,214802.16,216090.28
659,206745.73,206199.97,207291.5
660,175900.84,175096.97,176704.72
661,259375.53,258591.23,260159.83
662,308156.6,307265.56,309047.62
663,210859.83,210174.33,211545.33
664,200589.64,200094.31,201084.97
665,299927.4,299219.22,300635.6
666,255561.44,254651.14,256471.73
667,316661.03,316192.25,317129.8
668,317288.38,316699.3,317877.44
669,188643.58,188186.56,189100.6
670,233328.9,232698.08,233959.73
671,233432.86,232629.1,234236.62
672,312746.28,312083.5,313409.06
673,287990.0,287287.34,288692.66
674,322117.0,321140.38,323093.62
675,154748.25,153921.05,155575.45
676,363179.4,362064.22,364294.6
677,261823.53,261237.28,262409.78
678,256574.36,255625.06,257523.66
679,343085.56,342310.53,343860.6
680,193427.23,192866.73,193987.73
681,142998.22,142574.86,143421.58
682,453146.22,452155.34,454137.1
683,316226.6,315472.9,316980.28
684,284129.94,282675.38,285584.5
685,217222.02,216398.44,218045.6
686,232061.2,231557.14,232565.27
687,315604.66,314752.94,316456.38
688,142201.34,141813.81,142588.88
689,253376.06,252797.92,253954.2
690,208071.44,207597.84,208545.03
691,304370.22,303524.34,305216.1
692,239199.2,238435.39,239963.02
693,237593.73,236629.36,238558.11
694,297365.47,296713.75,298017.2
695,191193.38,190191.78,192194.97
696,290471.72,289142.2,291801.25
697,372358.88,371278.9,373438.84
698,516362.53,513491.25,519233.8
699,296789.16,296059.6,297518.72
700,176691.81,176251.16,177132.47
701,219231.48,218375.58,220087.39
702,166571.73,165950.95,167192.52
703,124872.04,124511.69,125232.39
704,377864.12,376840.03,378888.22
705,300306.1,299469.06,301143.12
706,220758.95,220339.7,221178.2
707,315801.9,315007.84,316595.97
708,196405.14,195735.28,197075.0
709,321585.1,319883.2,323287.0
710,175600.81,174770.23,176431.39
711,250713.75,249635.33,251792.17
712,232077.95,231446.69,232709.22
713,362432.56,361061.25,363803.88
714,191096.56,190624.66,191568.47
715,236109.06,235503.53,236714.6
716,218688.83,218025.53,219352.12
717,216536.23,215575.48,217496.98
718,231958.61,230901.36,233015.86
719,200617.88,199933.52,201302.23
720,284617.06,283771.0,285463.12
721,293001.66,292059.84,293943.47
722,338486.72,336875.4,340098.03
723,256752.67,255536.38,257968.97
724,266087.28,265288.97,266885.6
725,228989.03,228481.3,229496.77
726,420131.2,419318.25,420944.12
727,170935.23,170574.44,171296.03
728,209096.1,208386.7,209805.48
729,372989.1,371934.06,374044.12
730,280586.28,279895.72,281276.84
731,326603.0,325781.9,327424.1
732,286759.5,285160.6,288358.4
733,673987.56,672810.44,675164.7
734,216239.14,215473.64,217004.64
735,208443.66,207861.8,209025.52
736,192780.97,192219.97,193341.97
737,228280.44,227475.45,229085.42
738,307919.53,307173.88,308665.2
739,369494.78,368445.94,370543.62
740,265582.1,264742.3,266421.88
741,285292.06,284506.5,286077.62
742,305257.8,304767.75,305747.88
743,148143.47,147730.66,148556.28
744,278355.56,277713.47,278997.66
745,275137.94,274347.34,275928.53
746,244499.64,243975.83,245023.45
747,300380.84,299845.8,300915.88
748,203622.84,203096.84,204148.84
749,205400.97,204419.08,206382.86
750,189957.89,189323.84,190591.94
751,165662.03,164995.9,166328.16
752,195258.5,194742.72,195774.28
753,308570.06,307735.88,309404.25
754,277860.84,277005.66,278716.03
755,386989.34,386167.56,387811.12
756,614421.9,612672.75,616171.0
757,239885.53,239251.67,240519.39
758,195143.03,194617.5,195668.56
759,265001.9,264323.56,265680.25
760,275740.84,274518.38,276963.3
761,304235.44,303329.34,305141.53
762,161118.84,160671.56,161566.12
763,239444.83,239023.72,239865.94
764,139353.58,138972.45,139734.7
765,333817.53,332946.3,334688.75
766,230911.02,230263.11,231558.92
767,237003.83,236351.81,237655.84
768,442858.38,441394.3,444322.44
769,525345.25,524246.8,526443.7
770,186051.6,185446.11,186657.08
771,258357.3,257706.4,259008.19
772,154795.8,154418.73,155172.86
773,213901.75,213214.94,214588.56
774,201638.6,201252.19,202025.0
775,305387.44,304729.56,306045.3
776,176180.47,175641.6,176719.34
777,173225.03,172868.55,173581.52
778,214226.69,213810.47,214642.9
779,250681.33,250136.38,251226.28
780,232422.7,231831.73,233013.67
781,179840.4,179332.28,180348.53
782,215710.97,215004.27,216417.67
783,257389.55,256874.4,257904.69
784,242457.86,241820.95,243094.77
785,248345.06,247466.62,249223.5
786,133714.31,133107.8,134320.83
787,368887.28,368097.12,369677.44
788,618055.06,616532.25,619577.9
789,140448.16,140069.64,140826.67
790,288041.06,287327.78,288754.34
791,277474.2,276382.06,278566.3
792,274758.72,274104.7,275412.75
793,193305.61,192613.72,193997.5
794,129581.3,129111.41,130051.19
795,161310.69,160945.83,161675.55
796,263815.25,263169.03,264461.47
797,179879.17,179375.75,180382.6
798,271608.16,270889.28,272327.03
799,337049.0,336012.72,338085.28
800,192970.56,192323.19,193617.94
801,192705.67,192120.25,193291.1
802,242896.14,242195.17,243597.11
803,216854.39,216311.19,217397.6
804,173478.64,172796.83,174160.45
805,216661.02,216147.33,217174.7
806,242257.83,241582.78,242932.88
807,346575.28,345412.7,347737.88
808,265883.2,265156.25,266610.12
809,365391.2,364471.06,366311.3
810,238183.27,237552.05,238814.48
811,157153.55,156842.72,157464.38
812,228145.55,227345.73,228945.36
813,216425.34,215849.81,217000.88
814,301269.9,300635.4,301904.4
815,238471.83,237948.69,238994.97
816,208675.45,207595.05,209755.86
817,707744.1,705492.3,709995.94
818,220054.72,219555.73,220553.7
819,248257.27,247439.42,249075.11
820,369688.7,367659.03,371718.34
821,256424.03,255769.86,257078.2
822,277180.3,276476.2,277884.44
823,233521.14,233083.2,233959.08
824,246109.67,245227.56,246991.78
825,189432.16,188968.02,189896.3
826,331716.53,330981.94,332451.12
827,497531.8,495146.5,499917.12
828,225186.7,224190.5,226182.9
829,211596.2,211102.84,212089.56
830,221531.69,220871.81,222191.56
831,436108.6,435050.88,437166.3
832,241526.83,240959.58,242094.08
833,204075.48,203639.55,204511.42
834,216754.8,216277.11,217232.48
835,207482.77,206995.55,207969.98
836,216961.22,216177.98,217744.45
837,169813.55,169131.69,170495.4
838,295205.9,294498.94,295912.88
839,151618.34,151119.25,152117.44
840,261717.17,260822.31,262612.03
841,112205.14,111667.7,112742.58
842,635730.25,632416.44,639044.06
843,337964.94,337081.78,338848.1
844,153029.58,152577.06,153482.1
845,181240.58,180643.55,181837.61
846,347931.38,346995.62,348867.12
847,263159.16,262484.66,263833.66
848,243074.05,242177.55,243970.55
849,294669.22,293995.66,295342.78
850,230967.36,230212.12,231722.6
851,207973.1,207461.48,208484.7
852,165303.55,164777.56,165829.53
853,329387.7,328390.94,330384.44
854,241618.0,240786.92,242449.08
855,210098.17,209503.56,210692.78
856,260447.28,259994.8,260899.77
857,268088.44,266875.94,269300.94
858,188459.27,188057.83,188860.7
859,269735.1,268758.97,270711.22
860,231396.67,230929.97,231863.38
861,145451.22,145075.28,145827.16
862,312323.06,311707.84,312938.28
863,321928.0,321148.78,322707.22
864,162891.38,162536.3,163246.45
865,280515.06,279655.56,281374.56
866,257019.22,256452.86,257585.58
867,192757.27,192325.19,193189.34
868,337502.84,336325.06,338680.62
869,215887.56,215160.56,216614.56
870,259079.16,258428.38,259729.94
871,244523.38,243704.97,245341.78
872,286467.7,285780.38,287155.0
873,144597.97,144163.06,145032.88
874,192908.95,192254.12,193563.78
875,191358.88,190959.52,191758.23
876,195455.9,191387.55,199524.27
877,239120.05,238443.81,239796.28
878,294002.25,293173.97,294830.53
879,148377.16,147993.98,148760.33
880,281309.53,280561.22,282057.84
881,166173.58,165514.78,166832.38
882,229260.0,228811.62,229708.38
883,184469.36,183850.22,185088.5
884,234303.38,233771.12,234835.62
885,215797.0,215024.5,216569.5
886,243469.02,242888.66,244049.38
887,256212.44,255629.69,256795.19
888,287759.9,286549.28,288970.53
889,157447.98,157153.62,157742.34
890,229362.88,228667.06,230058.69
891,284549.06,283713.53,285384.6
892,282532.72,281903.97,283161.47
893,236799.22,236280.33,237318.11
894,286551.62,285767.44,287335.8
895,345424.1,344304.88,346543.3
896,259616.69,259029.73,260203.64
897,133092.52,132638.05,133546.98
898,235630.98,234860.92,236401.05
899,185367.08,184548.53,186185.62
900,238108.47,237399.19,238817.75
901,255323.4,254667.5,255979.31
902,190099.3,188958.98,191239.61
903,329791.25,326650.06,332932.44
904,223106.48,222595.6,223617.38
905,275897.56,274873.2,276921.94
906,365673.8,364672.3,366675.3
907,248316.17,247678.47,248953.88
908,151884.17,151383.69,152384.66
909,224585.75,216787.55,232383.95
910,226177.52,225600.31,226754.72
911,353009.62,352351.1,353668.16
912,229158.92,228512.62,229805.22
913,295081.34,294019.72,296142.97
914,347306.53,346226.75,348386.3
915,229100.83,228100.55,230101.11
916,206127.69,205437.22,206818.16
917,241549.4,241018.05,242080.77
918,190777.08,190318.61,191235.55
919,207701.88,207211.67,208192.08
920,220903.45,220362.81,221444.1
921,326328.7,325169.7,327487.7
922,269895.6,269176.25,270614.94
923,206285.2,205531.84,207038.56
924,181305.95,180679.16,181932.75
925,259253.19,258374.69,260131.69
926,267400.5,266513.75,268287.25
927,231312.3,230761.05,231863.55
928,286873.16,286126.28,287620.03
929,233351.48,232832.81,233870.16
930,260095.94,259340.48,260851.39
931,166917.56,166141.03,167694.1
932,271246.22,270529.53,271962.9
933,271632.06,270837.4,272426.72
934,251886.1,251328.75,252443.44
935,219963.73,219578.67,220348.8
936,256716.84,256048.39,257385.3
937,272741.84,272120.62,273363.06
938,331913.94,331172.75,332655.12
939,235165.84,234508.11,235823.58
940,258910.5,258051.66,259769.34
941,192744.31,192164.03,193324.6
942,227114.9,226422.81,227807.0
943,253809.67,253156.1,254463.25
944,247733.81,246708.33,248759.3
945,171140.42,170733.52,171547.33
946,165448.28,165128.75,165767.81
947,285328.0,284158.72,286497.28
948,314539.16,313374.22,315704.1
949,196094.62,195619.47,196569.78
950,212573.16,212131.58,213014.73
951,284800.0,283989.03,285610.97
952,255940.69,254904.44,256976.94
953,210219.94,209684.73,210755.14
954,244552.44,243770.19,245334.69
955,189790.33,189408.22,190172.44
956,135174.47,134518.05,135830.89
957,273432.62,272412.38,274452.88
958,160750.48,160147.44,161353.53
959,263734.28,263131.47,264337.1
960,248051.78,247354.56,248749.0
961,243558.03,243118.02,243998.05
962,241215.66,240676.44,241754.88
963,391159.34,390139.06,392179.62
964,330138.7,329326.94,330950.44
965,295562.97,294723.0,296402.94
966,182910.9,182451.3,183370.52
967,306128.5,305102.06,307154.94
968,261500.16,260883.25,262117.06
969,140171.69,139754.23,140589.14
970,116260.48,115770.7,116750.25
971,302814.56,301985.0,303644.12
972,141649.14,141054.31,142243.97
973,255963.77,255169.05,256758.48
974,418775.0,417640.97,419909.03
975,283355.44,282675.34,284035.53
976,266656.0,266029.38,267282.62
977,172872.33,172222.39,173522.27
978,274585.88,273897.66,275274.1
979,228183.56,227457.84,228909.28
980,254264.64,253377.8,255151.48
981,277977.12,277450.72,278503.53
982,290802.72,289970.6,291634.84
983,331754.66,330771.8,332737.5
984,237284.31,236496.77,238071.86
985,310885.0,310139.84,311630.16
986,190559.83,190006.48,191113.17
987,246812.95,245963.86,247662.05
988,171146.66,170396.92,171896.39
989,190716.4,190222.16,191210.66
990,249316.3,248880.5,249752.1
991,225394.61,224473.33,226315.89
992,208554.83,207871.17,209238.48
993,267524.03,266623.56,268424.5
994,169758.94,168994.11,170523.77
995,328021.34,327261.16,328781.53
996,217076.14,215713.34,218438.94
997,185186.86,184622.44,185751.28
998,164398.61,163889.28,164907.94
999,337798.3,336805.97,338790.66
1000,286062.66,285300.7,286824.62
1001,197366.2,196608.55,198123.86
1002,241643.88,241073.28,242214.47
1003,245782.45,244838.98,246725.92
1004,189767.97,189200.39,190335.55
1005,240648.12,239936.6,241359.66
1006,238571.55,237999.61,239143.48
1007,260335.62,259756.73,260914.52
1008,201168.3,200749.56,201587.03
1009,187407.98,186929.7,187886.27
1010,321353.56,320311.8,322395.3
1011,298096.4,296883.34,299309.47
1012,225990.48,225195.86,226785.11
1013,148308.62,147741.64,148875.61
1014,401512.16,399804.88,403219.44
1015,240442.16,239986.69,240897.62
1016,192109.27,191527.89,192690.64
1017,258657.89,257677.97,259637.81
1018,400814.75,399981.8,401647.7
1019,310666.47,309524.53,311808.4
1020,325838.38,324988.53,326688.22
1021,311134.94,309830.6,312439.28
1022,274138.94,273526.0,274751.88
1023,219508.27,218940.11,220076.42
1024,228383.86,228011.2,228756.52
1025,267873.5,267229.12,268517.88
1026,351788.44,351008.22,352568.66
1027,499361.03,497475.72,501246.34
1028,182161.05,181575.69,182746.4
1029,200182.66,199527.67,200837.64
1030,133549.06,133174.42,133923.7
1031,179646.88,179280.52,180013.23
1032,343010.6,342024.03,343997.16
1033,505520.12,504571.16,506469.1
1034,214243.02,213565.31,214920.72
1035,179774.86,179341.06,180208.66
1036,192507.25,192091.9,192922.6
1037,244541.44,243856.56,245226.31
1038,228945.88,228178.16,229713.6
1039,318878.72,317901.38,319856.06
1040,305442.47,304757.4,306127.53
1041,239561.89,239086.75,240037.03
1042,160876.84,160327.45,161426.23
1043,303231.9,302599.53,303864.28
1044,226470.03,225731.9,227208.16
1045,323130.66,321644.94,324616.38
1046,340577.94,339981.75,341174.12
1047,176964.55,176519.39,177409.7
1048,269908.62,269197.88,270619.38
1049,150262.3,149871.98,150652.61
1050,273029.22,272420.62,273637.8
1051,292393.88,291564.56,293223.2
1052,260007.67,259522.44,260492.9
1053,291632.75,290853.2,292412.3
1054,222435.3,221837.11,223033.48
1055,289295.84,288739.7,289852.0
1056,172589.66,171967.9,173211.4
1057,239984.55,239375.27,240593.83
1058,256152.16,255473.06,256831.25
1059,316759.88,316258.94,317260.8
1060,271426.56,270850.44,272002.7
1061,286555.88,285784.66,287327.1
1062,233684.89,233248.48,234121.3
1063,174458.86,174035.83,174881.89
1064,340107.47,339426.78,340788.16
1065,157842.47,157491.52,158193.42
1066,400841.72,399070.44,402613.0
1067,223403.7,223026.47,223780.94
1068,181899.98,181378.94,182421.03
1069,247869.08,246980.81,248757.34
1070,258581.94,257927.05,259236.83
1071,218360.25,217817.27,218903.23
1072,256435.22,255935.38,256935.06
1073,296413.8,294710.5,298117.12
1074,196146.33,195562.56,196730.1
1075,378312.0,376761.66,379862.34
1076,146073.5,145541.62,146605.38
1077,164251.38,163935.73,164567.02
1078,256017.77,255009.4,257026.12
1079,316877.6,315986.4,317768.78
1080,353351.84,351981.66,354722.03
1081,227632.69,226216.53,229048.84
1082,247709.47,247105.62,248313.31
1083,217158.5,216630.34,217686.66
1084,231757.2,231061.25,232453.16
1085,260811.6,260268.75,261354.44
1086,239966.44,239176.19,240756.69
1087,235936.17,235393.81,236478.53
1088,199086.77,198358.44,199815.1
1089,372934.84,372366.66,373503.03
1090,238890.19,238290.64,239489.73
1091,303737.22,302875.66,304598.78
1092,439027.38,437928.56,440126.2
1093,319254.7,318468.25,320041.12
1094,195214.0,194707.17,195720.83
1095,169313.72,168829.83,169797.61
1096,216686.25,216224.39,217148.11
1097,441287.3,440562.9,442011.72
1098,190811.14,190403.67,191218.61
1099,331304.97,330272.03,332337.9
1100,180732.52,180165.8,181299.23
1101,361738.66,360993.03,362484.28
1102,257636.39,257109.22,258163.56
1103,205456.44,204883.4,206029.47
1104,200231.4,199639.89,200822.92
1105,194404.66,193951.86,194857.45
1106,191342.06,190900.47,191783.66
1107,226693.84,225830.92,227556.77
1108,204611.73,204020.72,205202.75
1109,187930.14,187319.3,188540.98
1110,178018.25,177604.53,178431.97
1111,184384.73,183705.05,185064.42
1112,341137.84,340131.6,342144.1
1113,249598.69,249041.62,250155.75
1114,788804.06,786850.0,790758.1
1115,257089.98,256502.92,257677.05
